accession,species
GCF_000746805.1,Mycobacterium tuberculosis
GCF_020684325.1,Mycobacterium tuberculosis
GCF_000649975.1,Mycobacterium tuberculosis
GCF_900122265.1,Mycobacterium tuberculosis
GCF_001384155.1,Mycobacterium tuberculosis
GCF_900121765.1,Mycobacterium tuberculosis
GCF_000673675.1,Mycobacterium tuberculosis
GCF_001325525.1,Mycobacterium tuberculosis
GCF_014884665.1,Mycobacterium tuberculosis
GCF_001317925.1,Mycobacterium tuberculosis
GCF_000649955.1,Mycobacterium tuberculosis
GCF_001327895.1,Mycobacterium tuberculosis
GCF_001851845.1,Mycobacterium tuberculosis
GCF_001840835.1,Mycobacterium tuberculosis
GCF_001324765.1,Mycobacterium tuberculosis
GCF_001947675.1,Mycobacterium tuberculosis
GCF_001394995.1,Mycobacterium tuberculosis
GCF_004109215.1,Mycobacterium tuberculosis
GCF_000651575.1,Mycobacterium tuberculosis
GCF_001287205.1,Mycobacterium tuberculosis
GCF_001945875.1,Mycobacterium tuberculosis
GCF_000653875.1,Mycobacterium tuberculosis
GCF_001389015.1,Mycobacterium tuberculosis
GCF_000655195.1,Mycobacterium tuberculosis
GCF_002129565.1,Mycobacterium tuberculosis
GCF_001389935.1,Mycobacterium tuberculosis
GCF_003398765.1,Mycobacterium tuberculosis
GCF_000666725.1,Mycobacterium tuberculosis
GCF_001376295.1,Mycobacterium tuberculosis
GCF_000667145.1,Mycobacterium tuberculosis
GCF_003395065.1,Mycobacterium tuberculosis
GCF_000655515.1,Mycobacterium tuberculosis
GCF_001852785.1,Mycobacterium tuberculosis
GCF_000657035.1,Mycobacterium tuberculosis
GCF_001844065.1,Mycobacterium tuberculosis
GCF_001388015.1,Mycobacterium tuberculosis
GCF_000653655.1,Mycobacterium tuberculosis
GCF_004107025.1,Mycobacterium tuberculosis
GCF_004109025.1,Mycobacterium tuberculosis
GCF_001390175.1,Mycobacterium tuberculosis
GCF_900123375.1,Mycobacterium tuberculosis
GCA_000736055.1,Mycobacterium tuberculosis
GCF_001143165.1,Mycobacterium tuberculosis
GCF_000653595.1,Mycobacterium tuberculosis
GCF_001377855.1,Mycobacterium tuberculosis
GCF_001390815.1,Mycobacterium tuberculosis
GCF_001943725.1,Mycobacterium tuberculosis
GCF_003396745.1,Mycobacterium tuberculosis
GCF_000670775.1,Mycobacterium tuberculosis
GCF_003392355.1,Mycobacterium tuberculosis
GCF_007859525.1,Mycobacterium tuberculosis
GCF_000649455.1,Mycobacterium tuberculosis
GCF_003393935.1,Mycobacterium tuberculosis
GCF_000194055.1,Mycobacterium tuberculosis
GCF_001389255.1,Mycobacterium tuberculosis
GCF_001395775.1,Mycobacterium tuberculosis
GCF_001846725.1,Mycobacterium tuberculosis
GCF_001377775.1,Mycobacterium tuberculosis
GCF_001852365.1,Mycobacterium tuberculosis
GCF_004108045.1,Mycobacterium tuberculosis
GCF_004105035.1,Mycobacterium tuberculosis
GCF_001322465.1,Mycobacterium tuberculosis
GCF_001376075.1,Mycobacterium tuberculosis
GCF_001385455.1,Mycobacterium tuberculosis
GCF_001969025.1,Mycobacterium tuberculosis
GCF_000665205.1,Mycobacterium tuberculosis
GCF_004111975.1,Mycobacterium tuberculosis
GCF_000665165.1,Mycobacterium tuberculosis
GCF_003027855.2,Mycobacterium tuberculosis
GCF_001843375.1,Mycobacterium tuberculosis
GCF_001849395.1,Mycobacterium tuberculosis
GCF_000680115.1,Mycobacterium tuberculosis
GCF_020684485.1,Mycobacterium tuberculosis
GCF_001380675.1,Mycobacterium tuberculosis
GCA_011044455.1,Mycobacterium tuberculosis
GCF_002447155.1,Mycobacterium tuberculosis
GCF_001379935.1,Mycobacterium tuberculosis
GCF_001393535.1,Mycobacterium tuberculosis
GCF_000652355.1,Mycobacterium tuberculosis
GCF_005156105.1,Mycobacterium tuberculosis
GCF_001394335.1,Mycobacterium tuberculosis
GCF_003398205.1,Mycobacterium tuberculosis
GCF_000661185.1,Mycobacterium tuberculosis
GCF_002447775.1,Mycobacterium tuberculosis
GCF_001395515.1,Mycobacterium tuberculosis
GCF_002110345.1,Mycobacterium tuberculosis
GCF_008762405.1,Mycobacterium tuberculosis
GCF_001846625.1,Mycobacterium tuberculosis
GCF_900127305.1,Mycobacterium tuberculosis
GCF_900123355.1,Mycobacterium tuberculosis
GCF_004110645.1,Mycobacterium tuberculosis
GCF_004107085.1,Mycobacterium tuberculosis
GCF_001844625.1,Mycobacterium tuberculosis
GCF_001270405.1,Mycobacterium tuberculosis
GCF_000677275.1,Mycobacterium tuberculosis
GCF_000660125.1,Mycobacterium tuberculosis
GCF_001396595.1,Mycobacterium tuberculosis
GCF_000654855.1,Mycobacterium tuberculosis
GCF_000656575.1,Mycobacterium tuberculosis
GCF_003395085.1,Mycobacterium tuberculosis
GCF_001202675.1,Mycobacterium tuberculosis
GCF_000680195.1,Mycobacterium tuberculosis
GCF_001395915.1,Mycobacterium tuberculosis
GCF_002703995.1,Mycobacterium tuberculosis
GCF_001846545.1,Mycobacterium tuberculosis
GCF_000663925.1,Mycobacterium tuberculosis
GCF_001323025.1,Mycobacterium tuberculosis
GCF_000680155.1,Mycobacterium tuberculosis
GCF_003393485.1,Mycobacterium tuberculosis
GCF_001392835.1,Mycobacterium tuberculosis
GCF_900123955.1,Mycobacterium tuberculosis
GCF_001378835.1,Mycobacterium tuberculosis
GCF_001845795.1,Mycobacterium tuberculosis
GCF_001202835.1,Mycobacterium tuberculosis
GCF_000651395.1,Mycobacterium tuberculosis
GCF_001378815.1,Mycobacterium tuberculosis
GCF_001380475.1,Mycobacterium tuberculosis
GCF_000653495.1,Mycobacterium tuberculosis
GCF_000679935.1,Mycobacterium tuberculosis
GCF_000658215.1,Mycobacterium tuberculosis
GCF_001852405.1,Mycobacterium tuberculosis
GCF_004107195.1,Mycobacterium tuberculosis
GCF_020683325.1,Mycobacterium tuberculosis
GCF_001327795.1,Mycobacterium tuberculosis
GCF_000664205.1,Mycobacterium tuberculosis
GCF_000445975.1,Mycobacterium tuberculosis
GCF_000672815.1,Mycobacterium tuberculosis
GCF_900654255.1,Mycobacterium tuberculosis
GCA_009825375.1,Mycobacterium tuberculosis
GCF_000706525.1,Mycobacterium tuberculosis
GCF_000666325.1,Mycobacterium tuberculosis
GCF_000445325.1,Mycobacterium tuberculosis
GCF_900123135.1,Mycobacterium tuberculosis
GCF_900123105.1,Mycobacterium tuberculosis
GCF_002131555.1,Mycobacterium tuberculosis
GCF_000153685.2,Mycobacterium tuberculosis
GCF_001287325.1,Mycobacterium tuberculosis
GCF_001847925.1,Mycobacterium tuberculosis
GCF_000666225.1,Mycobacterium tuberculosis
GCF_001843515.1,Mycobacterium tuberculosis
GCF_003393165.1,Mycobacterium tuberculosis
GCF_004107345.1,Mycobacterium tuberculosis
GCF_001393855.1,Mycobacterium tuberculosis
GCF_004113035.1,Mycobacterium tuberculosis
GCF_001382535.1,Mycobacterium tuberculosis
GCF_014900755.1,Mycobacterium tuberculosis
GCF_000662845.1,Mycobacterium tuberculosis
GCF_000661695.1,Mycobacterium tuberculosis
GCF_001842615.1,Mycobacterium tuberculosis
GCF_001842015.1,Mycobacterium tuberculosis
GCF_004110195.1,Mycobacterium tuberculosis
GCF_001384935.1,Mycobacterium tuberculosis
GCF_001855905.1,Mycobacterium tuberculosis
GCF_000677955.1,Mycobacterium tuberculosis
GCF_008761925.1,Mycobacterium tuberculosis
GCF_000672755.1,Mycobacterium tuberculosis
GCF_001166845.1,Mycobacterium tuberculosis
GCF_001377375.1,Mycobacterium tuberculosis
GCF_014900195.1,Mycobacterium tuberculosis
GCF_000673835.1,Mycobacterium tuberculosis
GCF_004109935.1,Mycobacterium tuberculosis
GCF_001849495.1,Mycobacterium tuberculosis
GCF_007859385.1,Mycobacterium tuberculosis
GCF_001322605.1,Mycobacterium tuberculosis
GCF_004111285.1,Mycobacterium tuberculosis
GCF_000660685.1,Mycobacterium tuberculosis
GCF_900122865.1,Mycobacterium tuberculosis
GCF_004110795.1,Mycobacterium tuberculosis
GCF_000656595.1,Mycobacterium tuberculosis
GCF_001845925.1,Mycobacterium tuberculosis
GCF_005155785.1,Mycobacterium tuberculosis
GCF_001203995.1,Mycobacterium tuberculosis
GCF_000657175.1,Mycobacterium tuberculosis
GCF_000656975.1,Mycobacterium tuberculosis
GCF_001350595.1,Mycobacterium tuberculosis
GCF_001387655.1,Mycobacterium tuberculosis
GCF_900122125.1,Mycobacterium tuberculosis
GCF_900122515.1,Mycobacterium tuberculosis
GCF_004108685.1,Mycobacterium tuberculosis
GCF_004111465.1,Mycobacterium tuberculosis
GCF_001377575.1,Mycobacterium tuberculosis
GCF_000443575.1,Mycobacterium tuberculosis
GCF_001847385.1,Mycobacterium tuberculosis
GCF_001386415.1,Mycobacterium tuberculosis
GCF_001210505.1,Mycobacterium tuberculosis
GCF_004105185.1,Mycobacterium tuberculosis
GCF_000667405.1,Mycobacterium tuberculosis
GCF_014901055.1,Mycobacterium tuberculosis
GCF_001944625.1,Mycobacterium tuberculosis
GCF_900120775.1,Mycobacterium tuberculosis
GCF_000654755.1,Mycobacterium tuberculosis
GCF_003396245.1,Mycobacterium tuberculosis
GCF_001394155.1,Mycobacterium tuberculosis
GCF_004110855.1,Mycobacterium tuberculosis
GCF_002447415.1,Mycobacterium tuberculosis
GCF_000673615.1,Mycobacterium tuberculosis
GCF_004108475.1,Mycobacterium tuberculosis
GCF_003398105.1,Mycobacterium tuberculosis
GCF_000656695.1,Mycobacterium tuberculosis
GCF_001848815.1,Mycobacterium tuberculosis
GCF_000673915.1,Mycobacterium tuberculosis
GCF_005239055.1,Mycobacterium tuberculosis
GCF_004110625.1,Mycobacterium tuberculosis
GCF_001392355.1,Mycobacterium tuberculosis
GCF_002129685.1,Mycobacterium tuberculosis
GCF_900123635.1,Mycobacterium tuberculosis
GCF_002976335.1,Mycobacterium tuberculosis
GCF_003396065.1,Mycobacterium tuberculosis
GCF_004105805.1,Mycobacterium tuberculosis
GCF_001381335.1,Mycobacterium tuberculosis
GCF_001397315.1,Mycobacterium tuberculosis
GCF_918419245.1,Mycobacterium tuberculosis
GCF_001323845.1,Mycobacterium tuberculosis
GCF_900122755.1,Mycobacterium tuberculosis
GCF_001944055.1,Mycobacterium tuberculosis
GCF_900121435.1,Mycobacterium tuberculosis
GCF_001946605.1,Mycobacterium tuberculosis
GCF_023864235.1,Mycobacterium tuberculosis
GCF_001345115.1,Mycobacterium tuberculosis
GCF_900123855.1,Mycobacterium tuberculosis
GCF_003395265.1,Mycobacterium tuberculosis
GCF_000675895.1,Mycobacterium tuberculosis
GCF_003392305.1,Mycobacterium tuberculosis
GCF_001390615.1,Mycobacterium tuberculosis
GCF_000662465.1,Mycobacterium tuberculosis
GCF_001946885.1,Mycobacterium tuberculosis
GCF_018109365.1,Mycobacterium tuberculosis
GCF_001943565.1,Mycobacterium tuberculosis
GCF_900169765.1,Mycobacterium tuberculosis
GCF_001946965.1,Mycobacterium tuberculosis
GCF_001946435.1,Mycobacterium tuberculosis
GCF_000669835.1,Mycobacterium tuberculosis
GCF_001386715.1,Mycobacterium tuberculosis
GCF_001375875.1,Mycobacterium tuberculosis
GCF_004113485.1,Mycobacterium tuberculosis
GCF_004110335.1,Mycobacterium tuberculosis
GCF_900124555.1,Mycobacterium tuberculosis
GCF_001395595.1,Mycobacterium tuberculosis
GCF_004106135.1,Mycobacterium tuberculosis
GCF_004110835.1,Mycobacterium tuberculosis
GCF_001324385.1,Mycobacterium tuberculosis
GCF_001328035.1,Mycobacterium tuberculosis
GCF_001318965.1,Mycobacterium tuberculosis
GCF_000443895.1,Mycobacterium tuberculosis
GCF_001844905.1,Mycobacterium tuberculosis
GCF_000653015.1,Mycobacterium tuberculosis
GCF_000666365.1,Mycobacterium tuberculosis
GCF_000668275.1,Mycobacterium tuberculosis
GCF_004109705.1,Mycobacterium tuberculosis
GCF_000660965.1,Mycobacterium tuberculosis
GCF_000680235.1,Mycobacterium tuberculosis
GCF_002129825.1,Mycobacterium tuberculosis
GCF_001839725.1,Mycobacterium tuberculosis
GCF_001998585.1,Mycobacterium tuberculosis
GCF_000674915.1,Mycobacterium tuberculosis
GCF_001385775.1,Mycobacterium tuberculosis
GCF_008762175.1,Mycobacterium tuberculosis
GCF_001947185.1,Mycobacterium tuberculosis
GCF_011392525.1,Mycobacterium tuberculosis
GCF_002131135.1,Mycobacterium tuberculosis
GCF_000669015.1,Mycobacterium tuberculosis
GCF_001383295.1,Mycobacterium tuberculosis
GCF_001396375.1,Mycobacterium tuberculosis
GCF_000664705.1,Mycobacterium tuberculosis
GCF_001376395.1,Mycobacterium tuberculosis
GCF_014901155.1,Mycobacterium tuberculosis
GCF_003398495.1,Mycobacterium tuberculosis
GCF_003398445.1,Mycobacterium tuberculosis
GCF_000666445.1,Mycobacterium tuberculosis
GCF_001397215.1,Mycobacterium tuberculosis
GCF_000653435.1,Mycobacterium tuberculosis
GCF_007990075.1,Mycobacterium tuberculosis
GCF_001841105.1,Mycobacterium tuberculosis
GCF_900124075.1,Mycobacterium tuberculosis
GCF_000706325.1,Mycobacterium tuberculosis
GCF_001855815.1,Mycobacterium tuberculosis
GCF_000338715.2,Mycobacterium tuberculosis
GCF_020683445.1,Mycobacterium tuberculosis
GCF_024651785.1,Mycobacterium tuberculosis
GCF_000654815.1,Mycobacterium tuberculosis
GCF_001843275.1,Mycobacterium tuberculosis
GCF_014899385.1,Mycobacterium tuberculosis
GCF_000650015.1,Mycobacterium tuberculosis
GCF_021325765.1,Mycobacterium tuberculosis
GCF_015686885.1,Mycobacterium tuberculosis
GCF_001386895.1,Mycobacterium tuberculosis
GCF_000676935.1,Mycobacterium tuberculosis
GCF_001391195.1,Mycobacterium tuberculosis
GCF_001377155.1,Mycobacterium tuberculosis
GCF_000675395.1,Mycobacterium tuberculosis
GCF_014900965.1,Mycobacterium tuberculosis
GCF_001369335.1,Mycobacterium tuberculosis
GCF_001392215.1,Mycobacterium tuberculosis
GCF_001377835.1,Mycobacterium tuberculosis
GCF_020536615.1,Mycobacterium tuberculosis
GCF_000677495.1,Mycobacterium tuberculosis
GCF_000674275.1,Mycobacterium tuberculosis
GCF_001376555.1,Mycobacterium tuberculosis
GCF_001840645.1,Mycobacterium tuberculosis
GCF_004135525.1,Mycobacterium tuberculosis
GCF_001390195.1,Mycobacterium tuberculosis
GCF_003392895.1,Mycobacterium tuberculosis
GCA_020035935.1,Mycobacterium tuberculosis
GCF_003399295.1,Mycobacterium tuberculosis
GCF_001397195.1,Mycobacterium tuberculosis
GCF_000675155.1,Mycobacterium tuberculosis
GCF_900121525.1,Mycobacterium tuberculosis
GCF_000650795.1,Mycobacterium tuberculosis
GCF_900123175.1,Mycobacterium tuberculosis
GCF_001378095.1,Mycobacterium tuberculosis
GCF_000658595.1,Mycobacterium tuberculosis
GCF_000658655.1,Mycobacterium tuberculosis
GCF_001322165.1,Mycobacterium tuberculosis
GCF_001847075.1,Mycobacterium tuberculosis
GCF_002087345.1,Mycobacterium tuberculosis
GCF_004109825.1,Mycobacterium tuberculosis
GCF_000669175.1,Mycobacterium tuberculosis
GCF_000671155.1,Mycobacterium tuberculosis
GCF_001397955.1,Mycobacterium tuberculosis
GCF_001846815.1,Mycobacterium tuberculosis
GCF_004113825.1,Mycobacterium tuberculosis
GCF_001282535.1,Mycobacterium tuberculosis
GCF_001851545.1,Mycobacterium tuberculosis
GCF_001209445.1,Mycobacterium tuberculosis
GCF_001383195.1,Mycobacterium tuberculosis
GCF_000665665.1,Mycobacterium tuberculosis
GCF_001944775.1,Mycobacterium tuberculosis
GCF_001392095.1,Mycobacterium tuberculosis
GCF_000669515.1,Mycobacterium tuberculosis
GCF_002703985.1,Mycobacterium tuberculosis
GCF_001388915.1,Mycobacterium tuberculosis
GCF_000677935.1,Mycobacterium tuberculosis
GCF_003398805.1,Mycobacterium tuberculosis
GCF_000654875.1,Mycobacterium tuberculosis
GCF_000671135.1,Mycobacterium tuberculosis
GCA_000159755.1,Mycobacterium tuberculosis
GCF_003393105.1,Mycobacterium tuberculosis
GCF_003394995.1,Mycobacterium tuberculosis
GCF_008761745.1,Mycobacterium tuberculosis
GCF_000651315.1,Mycobacterium tuberculosis
GCF_014899905.1,Mycobacterium tuberculosis
GCF_003396445.1,Mycobacterium tuberculosis
GCF_000667045.1,Mycobacterium tuberculosis
GCF_000706045.1,Mycobacterium tuberculosis
GCF_009932165.1,Mycobacterium tuberculosis
GCF_000445655.1,Mycobacterium tuberculosis
GCF_001377875.1,Mycobacterium tuberculosis
GCF_000677355.1,Mycobacterium tuberculosis
GCF_900127495.1,Mycobacterium tuberculosis
GCF_003396845.1,Mycobacterium tuberculosis
GCF_000665105.1,Mycobacterium tuberculosis
GCF_002129305.1,Mycobacterium tuberculosis
GCF_001197035.1,Mycobacterium tuberculosis
GCF_000667265.1,Mycobacterium tuberculosis
GCF_001384275.1,Mycobacterium tuberculosis
GCF_009208405.1,Mycobacterium tuberculosis
GCF_012932035.1,Mycobacterium tuberculosis
GCF_023865255.1,Mycobacterium tuberculosis
GCF_001147025.1,Mycobacterium tuberculosis
GCF_001396355.1,Mycobacterium tuberculosis
GCF_000670595.1,Mycobacterium tuberculosis
GCF_003546345.1,Mycobacterium tuberculosis
GCF_900127405.1,Mycobacterium tuberculosis
GCF_002116795.1,Mycobacterium tuberculosis
GCF_001208765.1,Mycobacterium tuberculosis
GCF_001997855.1,Mycobacterium tuberculosis
GCF_002446995.1,Mycobacterium tuberculosis
GCF_003393555.1,Mycobacterium tuberculosis
GCF_001382655.1,Mycobacterium tuberculosis
GCF_000572125.1,Mycobacterium tuberculosis
GCF_000658755.1,Mycobacterium tuberculosis
GCF_001381275.1,Mycobacterium tuberculosis
GCF_900122535.1,Mycobacterium tuberculosis
GCF_004113935.1,Mycobacterium tuberculosis
GCF_900124275.1,Mycobacterium tuberculosis
GCF_001396155.1,Mycobacterium tuberculosis
GCF_000664125.1,Mycobacterium tuberculosis
GCF_000677255.1,Mycobacterium tuberculosis
GCF_001640705.1,Mycobacterium tuberculosis
GCF_000668715.1,Mycobacterium tuberculosis
GCF_001945955.1,Mycobacterium tuberculosis
GCF_000655795.1,Mycobacterium tuberculosis
GCF_002072775.2,Mycobacterium tuberculosis
GCF_000662585.1,Mycobacterium tuberculosis
GCF_001853135.1,Mycobacterium tuberculosis
GCF_001390255.1,Mycobacterium tuberculosis
GCF_000672335.1,Mycobacterium tuberculosis
GCF_014900795.1,Mycobacterium tuberculosis
GCF_003394305.1,Mycobacterium tuberculosis
GCF_001377895.1,Mycobacterium tuberculosis
GCF_001850965.1,Mycobacterium tuberculosis
GCF_001172865.1,Mycobacterium tuberculosis
GCF_000676215.1,Mycobacterium tuberculosis
GCF_001381815.1,Mycobacterium tuberculosis
GCF_004113355.1,Mycobacterium tuberculosis
GCF_001842345.1,Mycobacterium tuberculosis
GCF_001377395.1,Mycobacterium tuberculosis
GCF_000673815.1,Mycobacterium tuberculosis
GCF_001382755.1,Mycobacterium tuberculosis
GCF_000653935.1,Mycobacterium tuberculosis
GCF_905183075.1,Mycobacterium tuberculosis
GCF_000665305.1,Mycobacterium tuberculosis
GCF_003396355.1,Mycobacterium tuberculosis
GCF_001097745.1,Mycobacterium tuberculosis
GCF_001846895.1,Mycobacterium tuberculosis
GCF_000749745.1,Mycobacterium tuberculosis
GCF_001345195.1,Mycobacterium tuberculosis
GCF_021535155.1,Mycobacterium tuberculosis
GCF_024651405.1,Mycobacterium tuberculosis
GCF_000665465.1,Mycobacterium tuberculosis
GCF_000706405.1,Mycobacterium tuberculosis
GCF_001383835.1,Mycobacterium tuberculosis
GCF_000681055.1,Mycobacterium tuberculosis
GCF_000671955.1,Mycobacterium tuberculosis
GCF_001376415.1,Mycobacterium tuberculosis
GCF_001197555.1,Mycobacterium tuberculosis
GCF_001274555.1,Mycobacterium tuberculosis
GCF_001845455.1,Mycobacterium tuberculosis
GCF_003396395.1,Mycobacterium tuberculosis
GCF_001166245.1,Mycobacterium tuberculosis
GCF_000660885.1,Mycobacterium tuberculosis
GCF_001846485.1,Mycobacterium tuberculosis
GCF_002704035.1,Mycobacterium tuberculosis
GCF_004110925.1,Mycobacterium tuberculosis
GCF_001852985.1,Mycobacterium tuberculosis
GCF_001947355.1,Mycobacterium tuberculosis
GCF_001388995.1,Mycobacterium tuberculosis
GCF_000665925.1,Mycobacterium tuberculosis
GCF_900122325.1,Mycobacterium tuberculosis
GCF_004135425.1,Mycobacterium tuberculosis
GCF_001843435.1,Mycobacterium tuberculosis
GCF_900122455.1,Mycobacterium tuberculosis
GCF_000666665.1,Mycobacterium tuberculosis
GCF_000674175.1,Mycobacterium tuberculosis
GCF_000652055.1,Mycobacterium tuberculosis
GCF_900120745.1,Mycobacterium tuberculosis
GCF_008762005.1,Mycobacterium tuberculosis
GCF_000650095.1,Mycobacterium tuberculosis
GCF_001131785.1,Mycobacterium tuberculosis
GCF_000680675.1,Mycobacterium tuberculosis
GCF_001376895.1,Mycobacterium tuberculosis
GCF_000666345.1,Mycobacterium tuberculosis
GCF_900123195.1,Mycobacterium tuberculosis
GCF_000177795.2,Mycobacterium tuberculosis
GCF_001849485.1,Mycobacterium tuberculosis
GCF_000649475.1,Mycobacterium tuberculosis
GCF_900123815.1,Mycobacterium tuberculosis
GCF_020684145.1,Mycobacterium tuberculosis
GCF_020684525.1,Mycobacterium tuberculosis
GCF_001325685.1,Mycobacterium tuberculosis
GCF_000656995.1,Mycobacterium tuberculosis
GCF_000668615.1,Mycobacterium tuberculosis
GCF_001324985.1,Mycobacterium tuberculosis
GCF_001849085.1,Mycobacterium tuberculosis
GCF_002130505.1,Mycobacterium tuberculosis
GCF_001390855.1,Mycobacterium tuberculosis
GCF_001439455.1,Mycobacterium tuberculosis
GCF_001381375.1,Mycobacterium tuberculosis
GCF_001322445.1,Mycobacterium tuberculosis
GCF_000668395.1,Mycobacterium tuberculosis
GCF_001322025.1,Mycobacterium tuberculosis
GCF_001381155.1,Mycobacterium tuberculosis
GCF_000679395.1,Mycobacterium tuberculosis
GCF_004327575.1,Mycobacterium tuberculosis
GCF_001206955.1,Mycobacterium tuberculosis
GCF_001384515.1,Mycobacterium tuberculosis
GCF_000667885.1,Mycobacterium tuberculosis
GCF_001389955.1,Mycobacterium tuberculosis
GCF_900121285.1,Mycobacterium tuberculosis
GCF_000659285.1,Mycobacterium tuberculosis
GCF_004106795.1,Mycobacterium tuberculosis
GCF_004113225.1,Mycobacterium tuberculosis
GCF_003395285.1,Mycobacterium tuberculosis
GCF_001945935.1,Mycobacterium tuberculosis
GCF_001943135.1,Mycobacterium tuberculosis
GCF_001275565.2,Mycobacterium tuberculosis
GCF_001379755.1,Mycobacterium tuberculosis
GCF_001393655.1,Mycobacterium tuberculosis
GCF_001847675.1,Mycobacterium tuberculosis
GCF_002130135.1,Mycobacterium tuberculosis
GCF_003383205.1,Mycobacterium tuberculosis
GCF_001663055.1,Mycobacterium tuberculosis
GCF_900127535.1,Mycobacterium tuberculosis
GCF_000663805.1,Mycobacterium tuberculosis
GCF_000669335.1,Mycobacterium tuberculosis
GCF_001380535.1,Mycobacterium tuberculosis
GCF_000654715.1,Mycobacterium tuberculosis
GCF_003396085.1,Mycobacterium tuberculosis
GCF_001948405.1,Mycobacterium tuberculosis
GCF_001943125.1,Mycobacterium tuberculosis
GCF_000705765.1,Mycobacterium tuberculosis
GCF_001944375.1,Mycobacterium tuberculosis
GCF_001397155.1,Mycobacterium tuberculosis
GCF_004112155.1,Mycobacterium tuberculosis
GCF_001384475.1,Mycobacterium tuberculosis
GCF_900123555.1,Mycobacterium tuberculosis
GCF_001848905.1,Mycobacterium tuberculosis
GCF_000524155.1,Mycobacterium tuberculosis
GCF_000652115.1,Mycobacterium tuberculosis
GCF_000680495.1,Mycobacterium tuberculosis
GCF_900141195.1,Mycobacterium abscessus
GCF_900133425.1,Mycobacterium abscessus
GCF_900130255.1,Mycobacterium abscessus
GCF_900140135.1,Mycobacterium abscessus
GCF_003581805.1,Mycobacterium abscessus
GCF_900132245.1,Mycobacterium abscessus
GCF_002802405.1,Mycobacterium abscessus
GCF_900135645.1,Mycobacterium abscessus
GCF_015023875.1,Mycobacterium abscessus
GCF_017183555.1,Mycobacterium abscessus
GCF_017175895.1,Mycobacterium abscessus
GCF_900132455.1,Mycobacterium abscessus
GCF_003582845.1,Mycobacterium abscessus
GCF_001214725.1,Mycobacterium abscessus
GCF_900136605.1,Mycobacterium abscessus
GCF_003581925.1,Mycobacterium abscessus
GCF_003072425.1,Mycobacterium abscessus
GCF_002799915.1,Mycobacterium abscessus
GCF_900132475.1,Mycobacterium abscessus
GCF_900130645.1,Mycobacterium abscessus
GCF_900131255.1,Mycobacterium abscessus
GCF_900132695.1,Mycobacterium abscessus
GCF_017176455.1,Mycobacterium abscessus
GCF_902143545.1,Mycobacterium abscessus
GCF_003582055.1,Mycobacterium abscessus
GCA_000280655.1,Mycobacterium abscessus
GCF_900141035.1,Mycobacterium abscessus
GCF_900132945.1,Mycobacterium abscessus
GCF_900138425.1,Mycobacterium abscessus
GCF_900140225.1,Mycobacterium abscessus
GCF_003582715.1,Mycobacterium abscessus
GCF_900135415.1,Mycobacterium abscessus
GCF_900140115.1,Mycobacterium abscessus
GCF_002800715.1,Mycobacterium abscessus
GCF_015499655.1,Mycobacterium abscessus
GCF_900136845.1,Mycobacterium abscessus
GCF_015023895.1,Mycobacterium abscessus
GCF_900136345.1,Mycobacterium abscessus
GCF_900135605.1,Mycobacterium abscessus
GCF_900137515.1,Mycobacterium abscessus
GCF_016758395.1,Mycobacterium abscessus
GCF_900140865.1,Mycobacterium abscessus
GCF_900131675.1,Mycobacterium abscessus
GCF_024389865.1,Mycobacterium abscessus
GCF_900453225.1,Mycobacterium abscessus
GCF_900136295.1,Mycobacterium abscessus
GCF_900138905.1,Mycobacterium abscessus
GCF_017183835.1,Mycobacterium abscessus
GCF_900137335.1,Mycobacterium abscessus
GCF_900137885.1,Mycobacterium abscessus
GCF_900140665.1,Mycobacterium abscessus
GCF_900141055.1,Mycobacterium abscessus
GCF_001350895.1,Mycobacterium abscessus
GCF_900133775.1,Mycobacterium abscessus
GCF_900138525.1,Mycobacterium abscessus
GCF_900137615.1,Mycobacterium abscessus
GCF_017176575.1,Mycobacterium abscessus
GCF_900133325.1,Mycobacterium abscessus
GCF_900136135.1,Mycobacterium abscessus
GCF_900131545.1,Mycobacterium abscessus
GCF_900133085.1,Mycobacterium abscessus
GCF_013140095.1,Mycobacterium abscessus
GCF_900138165.1,Mycobacterium abscessus
GCF_001212985.1,Mycobacterium abscessus
GCF_900141125.1,Mycobacterium abscessus
GCF_003581725.1,Mycobacterium abscessus
GCF_900132335.1,Mycobacterium abscessus
GCF_001217005.1,Mycobacterium abscessus
GCF_900137145.1,Mycobacterium abscessus
GCF_900132195.1,Mycobacterium abscessus
GCA_001213005.1,Mycobacterium abscessus
GCF_017183915.1,Mycobacterium abscessus
GCF_002801355.1,Mycobacterium abscessus
GCF_900136695.1,Mycobacterium abscessus
GCF_017176315.1,Mycobacterium abscessus
GCF_001213865.1,Mycobacterium abscessus
GCF_002801265.1,Mycobacterium abscessus
GCF_900134205.1,Mycobacterium abscessus
GCF_900131415.1,Mycobacterium abscessus
GCF_003580165.1,Mycobacterium abscessus
GCF_900138135.1,Mycobacterium abscessus
GCF_900137835.1,Mycobacterium abscessus
GCF_000271125.1,Mycobacterium abscessus
GCF_003076795.1,Mycobacterium abscessus
GCA_001215125.1,Mycobacterium abscessus
GCF_900132535.1,Mycobacterium abscessus
GCF_900130425.1,Mycobacterium abscessus
GCF_900133225.1,Mycobacterium abscessus
GCF_002800525.1,Mycobacterium abscessus
GCF_002802295.1,Mycobacterium abscessus
GCF_000443145.1,Mycobacterium abscessus
GCF_900131595.1,Mycobacterium abscessus
GCF_900140775.1,Mycobacterium abscessus
GCF_002800555.1,Mycobacterium abscessus
GCF_001610675.1,Mycobacterium abscessus
GCF_001213985.1,Mycobacterium abscessus
GCF_002800065.1,Mycobacterium abscessus
GCF_900136865.1,Mycobacterium abscessus
GCF_003071695.1,Mycobacterium abscessus
GCF_002800615.1,Mycobacterium abscessus
GCF_900140675.1,Mycobacterium abscessus
GCF_001216305.1,Mycobacterium abscessus
GCF_900130485.1,Mycobacterium abscessus
GCF_017176085.1,Mycobacterium abscessus
GCF_900141555.1,Mycobacterium abscessus
GCF_017175775.1,Mycobacterium abscessus
GCF_002802505.1,Mycobacterium abscessus
GCF_024390705.1,Mycobacterium abscessus
GCF_900135675.1,Mycobacterium abscessus
GCF_016758375.1,Mycobacterium abscessus
GCF_002802585.1,Mycobacterium abscessus
GCF_002800965.1,Mycobacterium abscessus
GCF_900138045.1,Mycobacterium abscessus
GCF_001215225.1,Mycobacterium abscessus
GCF_900134315.1,Mycobacterium abscessus
GCF_900133685.1,Mycobacterium abscessus
GCF_900138595.1,Mycobacterium abscessus
GCF_902143585.1,Mycobacterium abscessus
GCF_900131575.1,Mycobacterium abscessus
GCF_900134745.1,Mycobacterium abscessus
GCF_003582625.1,Mycobacterium abscessus
GCF_900141435.1,Mycobacterium abscessus
GCF_900137725.1,Mycobacterium abscessus
GCF_900132435.1,Mycobacterium abscessus
GCF_900136755.1,Mycobacterium abscessus
GCF_900139355.1,Mycobacterium abscessus
GCF_900136935.1,Mycobacterium abscessus
GCF_024390105.1,Mycobacterium abscessus
GCF_900131285.1,Mycobacterium abscessus
GCF_900137255.1,Mycobacterium abscessus
GCF_024390825.1,Mycobacterium abscessus
GCF_900141485.1,Mycobacterium abscessus
GCF_900132065.1,Mycobacterium abscessus
GCF_002800275.1,Mycobacterium abscessus
GCF_900141395.1,Mycobacterium abscessus
GCF_001213665.1,Mycobacterium abscessus
GCF_900138185.1,Mycobacterium abscessus
GCF_900140395.1,Mycobacterium abscessus
GCF_001606215.1,Mycobacterium abscessus
GCF_001214665.1,Mycobacterium abscessus
GCF_900136085.1,Mycobacterium abscessus
GCF_001792615.1,Mycobacterium abscessus
GCF_900133005.1,Mycobacterium abscessus
GCF_900138245.1,Mycobacterium abscessus
GCF_004028015.1,Mycobacterium abscessus
GCF_900134395.1,Mycobacterium abscessus
GCF_900139545.1,Mycobacterium abscessus
GCF_900135805.1,Mycobacterium abscessus
GCA_000523855.1,Mycobacterium abscessus
GCF_024389625.1,Mycobacterium abscessus
GCF_900132585.1,Mycobacterium abscessus
GCF_900133825.1,Mycobacterium abscessus
GCF_000308015.1,Mycobacterium abscessus
GCF_000270765.1,Mycobacterium abscessus
GCF_001187745.1,Mycobacterium abscessus
GCF_900131935.1,Mycobacterium abscessus
GCF_002802845.1,Mycobacterium abscessus
GCF_017175695.1,Mycobacterium abscessus
GCF_001610655.1,Mycobacterium abscessus
GCA_000523775.1,Mycobacterium abscessus
GCF_900135755.1,Mycobacterium abscessus
GCF_900140155.1,Mycobacterium abscessus
GCF_900134015.1,Mycobacterium abscessus
GCF_900139485.1,Mycobacterium abscessus
GCF_017190695.1,Mycobacterium abscessus
GCF_002801085.1,Mycobacterium abscessus
GCF_900140105.1,Mycobacterium abscessus
GCF_003071765.1,Mycobacterium abscessus
GCF_024390365.1,Mycobacterium abscessus
GCF_001215905.1,Mycobacterium abscessus
GCF_001214065.1,Mycobacterium abscessus
GCF_900139435.1,Mycobacterium abscessus
GCF_900135765.1,Mycobacterium abscessus
GCF_003072285.1,Mycobacterium abscessus
GCF_900139705.1,Mycobacterium abscessus
GCF_900139985.1,Mycobacterium abscessus
GCF_900135265.1,Mycobacterium abscessus
GCF_900138455.1,Mycobacterium abscessus
GCF_900130475.1,Mycobacterium abscessus
GCF_900131985.1,Mycobacterium abscessus
GCF_020275565.1,Mycobacterium abscessus
GCF_900131925.1,Mycobacterium abscessus
GCF_900135625.1,Mycobacterium abscessus
GCF_900140565.1,Mycobacterium abscessus
GCF_001216065.1,Mycobacterium abscessus
GCF_900133985.1,Mycobacterium abscessus
GCF_002802425.1,Mycobacterium abscessus
GCF_900131045.1,Mycobacterium abscessus
GCF_024390545.1,Mycobacterium abscessus
GCF_002802055.1,Mycobacterium abscessus
GCF_900136585.1,Mycobacterium abscessus
GCF_001212905.1,Mycobacterium abscessus
GCF_900132275.1,Mycobacterium abscessus
GCF_001213145.1,Mycobacterium abscessus
GCF_024390265.1,Mycobacterium abscessus
GCF_020275575.1,Mycobacterium abscessus
GCF_900135185.1,Mycobacterium abscessus
GCF_017176265.1,Mycobacterium abscessus
GCF_000277775.2,Mycobacterium abscessus
GCF_001213165.1,Mycobacterium abscessus
GCF_900132925.1,Mycobacterium abscessus
GCF_000261085.1,Mycobacterium abscessus
GCF_003582885.1,Mycobacterium abscessus
GCF_000261105.1,Mycobacterium abscessus
GCF_900135985.1,Mycobacterium abscessus
GCF_900140185.1,Mycobacterium abscessus
GCF_003583085.1,Mycobacterium abscessus
GCF_900132685.1,Mycobacterium abscessus
GCF_900138475.1,Mycobacterium abscessus
GCF_003582045.1,Mycobacterium abscessus
GCF_900131585.1,Mycobacterium abscessus
GCF_017183875.1,Mycobacterium abscessus
GCF_900138315.1,Mycobacterium abscessus
GCF_002800885.1,Mycobacterium abscessus
GCF_900131185.1,Mycobacterium abscessus
GCF_900137945.1,Mycobacterium abscessus
GCF_900133645.1,Mycobacterium abscessus
GCF_001215445.1,Mycobacterium abscessus
GCF_900139255.1,Mycobacterium abscessus
GCF_900131035.1,Mycobacterium abscessus
GCF_900139845.1,Mycobacterium abscessus
GCF_900131485.1,Mycobacterium abscessus
GCF_900138885.1,Mycobacterium abscessus
GCF_900133375.1,Mycobacterium abscessus
GCF_002801365.1,Mycobacterium abscessus
GCF_900134085.1,Mycobacterium abscessus
GCF_017176555.1,Mycobacterium abscessus
GCF_003071685.1,Mycobacterium abscessus
GCF_900135885.1,Mycobacterium abscessus
GCF_900141075.1,Mycobacterium abscessus
GCF_900131355.1,Mycobacterium abscessus
GCF_024389745.1,Mycobacterium abscessus
GCF_003581825.1,Mycobacterium abscessus
GCF_900141515.1,Mycobacterium abscessus
GCF_000270705.1,Mycobacterium abscessus
GCF_000069185.1,Mycobacterium abscessus
GCF_900131225.1,Mycobacterium abscessus
GCF_900137365.1,Mycobacterium abscessus
GCF_900140735.1,Mycobacterium abscessus
GCF_900136665.1,Mycobacterium abscessus
GCF_001215065.1,Mycobacterium abscessus
GCF_900138825.1,Mycobacterium abscessus
GCF_900135925.1,Mycobacterium abscessus
GCF_900139515.1,Mycobacterium abscessus
GCF_002800025.1,Mycobacterium abscessus
GCF_900132975.1,Mycobacterium abscessus
GCF_900139365.1,Mycobacterium abscessus
GCF_002802735.1,Mycobacterium abscessus
GCF_900137665.1,Mycobacterium abscessus
GCF_900133015.1,Mycobacterium abscessus
GCF_900139505.1,Mycobacterium abscessus
GCA_001214905.1,Mycobacterium abscessus
GCF_900130745.1,Mycobacterium abscessus
GCF_900132235.1,Mycobacterium abscessus
GCF_900132175.1,Mycobacterium abscessus
GCA_900135715.1,Mycobacterium abscessus
GCF_900138955.1,Mycobacterium abscessus
GCF_900141085.1,Mycobacterium abscessus
GCF_900136595.1,Mycobacterium abscessus
GCF_900138965.1,Mycobacterium abscessus
GCF_900134825.1,Mycobacterium abscessus
GCF_002801685.1,Mycobacterium abscessus
GCF_900130575.1,Mycobacterium abscessus
GCF_001214185.1,Mycobacterium abscessus
GCF_900133885.1,Mycobacterium abscessus
GCF_017175935.1,Mycobacterium abscessus
GCF_900131725.1,Mycobacterium abscessus
GCF_024390465.1,Mycobacterium abscessus
GCF_900140515.1,Mycobacterium abscessus
GCF_900134165.1,Mycobacterium abscessus
GCF_001213505.1,Mycobacterium abscessus
GCF_900138755.1,Mycobacterium abscessus
GCF_900130555.1,Mycobacterium abscessus
GCF_900139905.1,Mycobacterium abscessus
GCF_900135445.1,Mycobacterium abscessus
GCF_900130735.1,Mycobacterium abscessus
GCF_900131165.1,Mycobacterium abscessus
GCF_900139305.1,Mycobacterium abscessus
GCF_900130655.1,Mycobacterium abscessus
GCF_900131465.1,Mycobacterium abscessus
GCF_900135915.1,Mycobacterium abscessus
GCF_900137125.1,Mycobacterium abscessus
GCF_900132325.1,Mycobacterium abscessus
GCF_001606275.1,Mycobacterium abscessus
GCF_900135705.1,Mycobacterium abscessus
GCF_900133545.1,Mycobacterium abscessus
GCF_015499835.1,Mycobacterium abscessus
GCF_017175905.1,Mycobacterium abscessus
GCF_900141445.1,Mycobacterium abscessus
GCF_900131505.1,Mycobacterium abscessus
GCF_000271245.1,Mycobacterium abscessus
GCF_001216165.1,Mycobacterium abscessus
GCF_001213545.1,Mycobacterium abscessus
GCF_020229575.1,Mycobacterium abscessus
GCF_002801725.1,Mycobacterium abscessus
GCA_000523575.1,Mycobacterium abscessus
GCF_003581665.1,Mycobacterium abscessus
GCF_017175795.1,Mycobacterium abscessus
GCF_900135385.1,Mycobacterium abscessus
GCF_003582855.1,Mycobacterium abscessus
GCF_900136705.1,Mycobacterium abscessus
GCF_900138945.1,Mycobacterium abscessus
GCF_002802205.1,Mycobacterium abscessus
GCF_900137265.1,Mycobacterium abscessus
GCF_002800235.1,Mycobacterium abscessus
GCF_001610635.1,Mycobacterium abscessus
GCF_900135775.1,Mycobacterium abscessus
GCF_900134135.1,Mycobacterium abscessus
GCF_015023995.1,Mycobacterium abscessus
GCF_002802345.1,Mycobacterium abscessus
GCF_900130985.1,Mycobacterium abscessus
GCF_001216865.1,Mycobacterium abscessus
GCF_024390505.1,Mycobacterium abscessus
GCF_900141275.1,Mycobacterium abscessus
GCF_900138625.1,Mycobacterium abscessus
GCF_001215605.1,Mycobacterium abscessus
GCF_002801825.1,Mycobacterium abscessus
GCF_003582375.1,Mycobacterium abscessus
GCF_900132505.1,Mycobacterium abscessus
GCF_900138655.1,Mycobacterium abscessus
GCF_900135895.1,Mycobacterium abscessus
GCF_900133455.1,Mycobacterium abscessus
GCF_015355655.1,Mycobacterium abscessus
GCF_001942565.1,Mycobacterium abscessus
GCF_900131625.1,Mycobacterium abscessus
GCF_017183895.1,Mycobacterium abscessus
GCF_002800365.1,Mycobacterium abscessus
GCF_002799875.1,Mycobacterium abscessus
GCF_900134955.1,Mycobacterium abscessus
GCF_003072165.1,Mycobacterium abscessus
GCF_900137765.1,Mycobacterium abscessus
GCF_012845855.1,Mycobacterium abscessus
GCF_900132555.1,Mycobacterium abscessus
GCF_900137965.1,Mycobacterium abscessus
GCF_900130435.1,Mycobacterium abscessus
GCF_000270645.1,Mycobacterium abscessus
GCF_024389995.1,Mycobacterium abscessus
GCF_900137815.1,Mycobacterium abscessus
GCF_001214125.1,Mycobacterium abscessus
GCF_900130305.1,Mycobacterium abscessus
GCF_002802325.1,Mycobacterium abscessus
GCF_001213445.1,Mycobacterium abscessus
GCF_900132595.1,Mycobacterium abscessus
GCF_900136545.1,Mycobacterium abscessus
GCF_017176015.1,Mycobacterium abscessus
GCF_002013835.1,Mycobacterium abscessus
GCF_024390295.1,Mycobacterium abscessus
GCF_900135815.1,Mycobacterium abscessus
GCF_900135525.1,Mycobacterium abscessus
GCF_024390245.1,Mycobacterium abscessus
GCF_900133295.1,Mycobacterium abscessus
GCF_900141495.1,Mycobacterium abscessus
GCF_900133405.1,Mycobacterium abscessus
GCF_900137535.1,Mycobacterium abscessus
GCF_900132385.1,Mycobacterium abscessus
GCF_900130765.1,Mycobacterium abscessus
GCF_003582705.1,Mycobacterium abscessus
GCF_001215005.1,Mycobacterium abscessus
GCF_002086525.1,Mycobacterium abscessus
GCF_900130495.1,Mycobacterium abscessus
GCF_001606235.1,Mycobacterium abscessus
GCF_003582905.1,Mycobacterium abscessus
GCF_001215945.1,Mycobacterium abscessus
GCF_000333695.1,Mycobacterium abscessus
GCF_900137975.1,Mycobacterium abscessus
GCF_003582605.1,Mycobacterium abscessus
GCF_900137075.1,Mycobacterium abscessus
GCF_900134455.1,Mycobacterium abscessus
GCF_000363915.2,Mycobacterium abscessus
GCF_900140635.1,Mycobacterium abscessus
GCF_900139995.1,Mycobacterium abscessus
GCF_900136915.1,Mycobacterium abscessus
GCF_002801795.1,Mycobacterium abscessus
GCF_900130285.1,Mycobacterium abscessus
GCF_003583005.1,Mycobacterium abscessus
GCF_900132575.1,Mycobacterium abscessus
GCF_001213765.1,Mycobacterium abscessus
GCF_900133175.1,Mycobacterium abscessus
GCF_003581885.1,Mycobacterium abscessus
GCF_003582425.1,Mycobacterium abscessus
GCF_002801645.1,Mycobacterium abscessus
GCF_900141145.1,Mycobacterium abscessus
GCF_900137655.1,Mycobacterium abscessus
GCF_003581675.1,Mycobacterium abscessus
GCF_003583065.1,Mycobacterium abscessus
GCF_900130815.1,Mycobacterium abscessus
GCF_003581985.1,Mycobacterium abscessus
GCF_900134215.1,Mycobacterium abscessus
GCF_002142835.1,Mycobacterium abscessus
GCF_002140035.1,Mycobacterium abscessus
GCF_002142855.1,Mycobacterium abscessus
GCF_900133385.1,Mycobacterium abscessus
GCF_900132745.1,Mycobacterium abscessus
GCF_900135955.1,Mycobacterium abscessus
GCF_900134625.1,Mycobacterium abscessus
GCF_013140075.1,Mycobacterium abscessus
GCF_900136515.1,Mycobacterium abscessus
GCF_002800925.1,Mycobacterium abscessus
GCF_001214645.1,Mycobacterium abscessus
GCF_000271045.1,Mycobacterium abscessus
GCF_000497265.2,Mycobacterium abscessus
GCF_002799625.1,Mycobacterium abscessus
GCF_017183935.1,Mycobacterium abscessus
GCF_900134255.1,Mycobacterium abscessus
GCF_002800165.1,Mycobacterium abscessus
GCF_003071805.1,Mycobacterium abscessus
GCF_000257225.2,Mycobacterium abscessus
GCF_001215485.1,Mycobacterium abscessus
GCF_002801115.1,Mycobacterium abscessus
GCF_900131365.1,Mycobacterium abscessus
GCF_017183735.1,Mycobacterium abscessus
GCF_900140755.1,Mycobacterium abscessus
GCF_000270785.1,Mycobacterium abscessus
GCF_017174855.1,Mycobacterium abscessus
GCF_000270565.1,Mycobacterium abscessus
GCF_002800725.1,Mycobacterium abscessus
GCF_000418575.1,Mycobacterium abscessus
GCF_017176595.1,Mycobacterium abscessus
GCF_900141025.1,Mycobacterium abscessus
GCF_900135145.1,Mycobacterium abscessus
GCF_900132205.1,Mycobacterium abscessus
GCF_001217365.1,Mycobacterium abscessus
GCF_001216245.1,Mycobacterium abscessus
GCF_900136115.1,Mycobacterium abscessus
GCF_900131145.1,Mycobacterium abscessus
GCF_900136795.1,Mycobacterium abscessus
GCF_001215165.1,Mycobacterium abscessus
GCF_001214205.1,Mycobacterium abscessus
GCF_900134425.1,Mycobacterium abscessus
GCF_001215465.1,Mycobacterium abscessus
GCF_900139925.1,Mycobacterium abscessus
GCF_003861345.1,Mycobacterium abscessus
GCF_900134805.1,Mycobacterium abscessus
GCF_900139605.1,Mycobacterium abscessus
GCF_900137505.1,Mycobacterium abscessus
GCF_900131315.1,Mycobacterium abscessus
GCF_002802285.1,Mycobacterium abscessus
GCF_900131375.1,Mycobacterium abscessus
GCF_002801925.1,Mycobacterium abscessus
GCF_000270925.1,Mycobacterium abscessus
GCF_002800205.1,Mycobacterium abscessus
GCF_900133445.1,Mycobacterium abscessus
GCF_024389805.1,Mycobacterium abscessus
GCF_900133565.1,Mycobacterium abscessus
GCF_900137935.1,Mycobacterium abscessus
GCF_000523915.1,Mycobacterium abscessus
GCF_900136895.1,Mycobacterium abscessus
GCF_900136095.1,Mycobacterium abscessus
GCF_900138105.1,Mycobacterium abscessus
GCF_900138835.1,Mycobacterium abscessus
GCF_900130295.1,Mycobacterium abscessus
GCF_900136675.1,Mycobacterium abscessus
GCF_900132615.1,Mycobacterium abscessus
GCF_001216905.1,Mycobacterium abscessus
GCF_900138675.1,Mycobacterium abscessus
GCF_900134145.1,Mycobacterium abscessus
GCF_002800225.1,Mycobacterium abscessus
GCF_900139445.1,Mycobacterium abscessus
GCF_900137645.1,Mycobacterium abscessus
GCF_900130995.1,Mycobacterium abscessus
GCF_900136325.1,Mycobacterium abscessus
GCF_003580145.1,Mycobacterium abscessus
GCF_900138915.1,Mycobacterium abscessus
GCF_900137375.1,Mycobacterium abscessus
GCF_900137095.1,Mycobacterium abscessus
GCF_900138765.1,Mycobacterium abscessus
GCF_000270825.1,Mycobacterium abscessus
GCF_002801215.1,Mycobacterium abscessus
GCF_900136305.1,Mycobacterium abscessus
GCF_900133745.1,Mycobacterium abscessus
GCF_900133905.1,Mycobacterium abscessus
GCF_024390845.1,Mycobacterium abscessus
GCF_900137225.1,Mycobacterium abscessus
GCF_003076855.1,Mycobacterium abscessus
GCF_900140835.1,Mycobacterium abscessus
GCF_000271025.1,Mycobacterium abscessus
GCF_900130695.1,Mycobacterium abscessus
GCF_900138795.1,Mycobacterium abscessus
GCA_001214385.1,Mycobacterium abscessus
GCF_900137325.1,Mycobacterium abscessus
GCF_900137105.1,Mycobacterium abscessus
GCF_900136655.1,Mycobacterium abscessus
GCF_002801905.1,Mycobacterium abscessus
GCF_900130665.1,Mycobacterium abscessus
GCF_900140415.1,Mycobacterium abscessus
GCF_900141415.1,Mycobacterium abscessus
GCF_900131265.1,Mycobacterium abscessus
GCF_900140025.1,Mycobacterium abscessus
GCF_002799845.1,Mycobacterium abscessus
GCF_020735425.1,Mycobacterium abscessus
GCF_900133625.1,Mycobacterium abscessus
GCF_900140425.1,Mycobacterium abscessus
GCF_900139295.1,Mycobacterium abscessus
GCF_900136805.1,Mycobacterium abscessus
GCF_900138125.1,Mycobacterium abscessus
GCF_900134795.1,Mycobacterium abscessus
GCF_017176115.1,Mycobacterium abscessus
GCF_900141265.1,Mycobacterium abscessus
GCF_900137795.1,Mycobacterium abscessus
GCA_001214245.1,Mycobacterium abscessus
GCF_001610005.1,Mycobacterium avium
GCF_001610165.1,Mycobacterium avium
GCF_002086775.1,Mycobacterium avium
GCF_001610245.1,Mycobacterium avium
GCF_001610105.1,Mycobacterium avium
GCA_003122745.2,Mycobacterium avium
GCF_002928215.1,Mycobacterium avium
GCF_020275625.1,Mycobacterium avium
GCF_003713045.1,Mycobacterium avium
GCF_002292545.1,Mycobacterium avium
GCF_000219085.2,Mycobacterium avium
GCF_000174035.1,Mycobacterium avium
GCF_002292655.1,Mycobacterium avium
GCA_000504765.1,Mycobacterium avium
GCF_020054515.1,Mycobacterium avium
GCF_002304075.1,Mycobacterium avium
GCF_020054555.1,Mycobacterium avium
GCF_001610375.1,Mycobacterium avium
GCF_002300575.1,Mycobacterium avium
GCF_001855355.1,Mycobacterium avium
GCF_020227575.1,Mycobacterium avium
GCF_020055125.1,Mycobacterium avium
GCF_001610265.1,Mycobacterium avium
GCF_001855455.1,Mycobacterium avium
GCF_001610355.1,Mycobacterium avium
GCF_002089695.1,Mycobacterium avium
GCF_020217925.1,Mycobacterium avium
GCF_902385675.1,Mycobacterium avium
GCF_020054575.1,Mycobacterium avium
GCF_900079575.1,Mycobacterium avium
GCF_000218115.1,Mycobacterium avium
GCF_002894725.1,Mycobacterium avium
GCF_002292475.1,Mycobacterium avium
GCF_020055295.1,Mycobacterium avium
GCF_002304125.1,Mycobacterium avium
GCF_000696755.1,Mycobacterium avium
GCF_002304155.1,Mycobacterium avium
GCF_020055325.1,Mycobacterium avium
GCF_020055485.1,Mycobacterium avium
GCA_000500005.1,Mycobacterium avium
GCF_020055465.1,Mycobacterium avium
GCF_000240425.1,Mycobacterium avium
GCF_022097135.1,Mycobacterium avium
GCA_000504805.1,Mycobacterium avium
GCF_020275735.1,Mycobacterium avium
GCF_000215815.1,Mycobacterium avium
GCF_000215835.1,Mycobacterium avium
GCA_000240365.2,Mycobacterium avium
GCF_002089335.1,Mycobacterium avium
GCF_020055345.1,Mycobacterium avium
GCF_002292595.1,Mycobacterium avium
GCF_002089755.1,Mycobacterium avium
GCF_000696735.1,Mycobacterium avium
GCA_000504825.1,Mycobacterium avium
GCF_002292705.1,Mycobacterium avium
GCF_001610135.1,Mycobacterium avium
GCF_002208705.2,Mycobacterium avium
GCF_002928265.1,Mycobacterium avium
GCF_002089795.1,Mycobacterium avium
GCF_000240405.1,Mycobacterium avium
GCF_020217985.1,Mycobacterium avium
GCF_014762965.1,Mycobacterium avium
GCF_022175585.1,Mycobacterium avium
GCF_001610055.1,Mycobacterium avium
GCF_900079425.1,Mycobacterium avium
GCF_002292585.1,Mycobacterium avium
GCF_002089535.1,Mycobacterium avium
GCF_001609985.1,Mycobacterium avium
GCF_001855435.1,Mycobacterium avium
GCF_020055405.1,Mycobacterium avium
GCF_001610525.1,Mycobacterium avium
GCF_016749935.1,Mycobacterium avium
GCF_002089275.1,Mycobacterium avium
GCF_003013375.1,Mycobacterium avium
GCF_014762955.1,Mycobacterium avium
GCF_020217615.1,Mycobacterium avium
GCF_001609865.1,Mycobacterium avium
GCF_020055205.1,Mycobacterium avium
GCF_002304145.1,Mycobacterium avium
GCF_001610235.1,Mycobacterium avium
GCF_020227555.1,Mycobacterium avium
GCF_002292635.1,Mycobacterium avium
GCF_020735405.1,Mycobacterium avium
GCF_000390085.1,Mycobacterium avium
GCF_002089655.1,Mycobacterium avium
GCF_002089875.1,Mycobacterium avium
GCF_002089775.1,Mycobacterium avium
GCF_000829075.1,Mycobacterium avium
GCF_020275605.1,Mycobacterium avium
GCF_002089635.1,Mycobacterium avium
GCF_002089355.1,Mycobacterium avium
GCA_002180005.1,Mycobacterium avium
GCF_020275145.1,Mycobacterium avium
GCA_000504995.1,Mycobacterium avium
GCF_020055225.1,Mycobacterium avium
GCA_000504745.1,Mycobacterium avium
GCF_002089475.1,Mycobacterium avium
GCF_900079485.1,Mycobacterium avium
GCA_000505015.1,Mycobacterium avium
GCF_001855365.1,Mycobacterium avium
GCF_009002535.1,Mycobacterium avium
GCF_021183805.1,Mycobacterium avium
GCF_000835265.1,Mycobacterium avium
GCF_001609905.1,Mycobacterium avium
GCF_001610335.1,Mycobacterium avium
GCA_000504785.1,Mycobacterium avium
GCF_000523975.1,Mycobacterium avium
GCF_020217865.1,Mycobacterium avium
GCF_001609925.1,Mycobacterium avium
GCF_000218155.1,Mycobacterium avium
GCF_000218035.1,Mycobacterium avium
GCF_002089375.1,Mycobacterium avium
GCF_002089295.1,Mycobacterium avium
GCF_000523635.1,Mycobacterium avium
GCA_000504975.1,Mycobacterium avium
GCF_020055605.1,Mycobacterium avium
GCF_000523755.1,Mycobacterium avium
GCF_002089235.1,Mycobacterium avium
GCF_002928255.1,Mycobacterium avium
GCF_002089995.1,Mycobacterium avium
GCA_000504945.1,Mycobacterium avium
GCA_007989945.1,Mycobacterium avium
GCF_003815815.1,Mycobacterium avium
GCF_001609945.1,Mycobacterium avium
GCF_020055585.1,Mycobacterium avium
GCF_020055385.1,Mycobacterium avium
GCF_020217885.1,Mycobacterium avium
GCF_003957335.1,Mycobacterium avium
GCF_001610545.1,Mycobacterium avium
GCF_020055095.1,Mycobacterium avium
GCF_001610565.1,Mycobacterium avium
GCF_002089835.1,Mycobacterium avium
GCF_020055285.1,Mycobacterium avium
GCF_000696775.1,Mycobacterium avium
GCA_000504925.1,Mycobacterium avium
GCF_002089815.1,Mycobacterium avium
GCF_002089555.1,Mycobacterium avium
GCF_020275705.1,Mycobacterium avium
GCF_020055375.1,Mycobacterium avium
GCF_020055235.1,Mycobacterium avium
GCF_003408535.1,Mycobacterium avium
GCF_003816035.1,Mycobacterium avium
GCF_021696875.1,Mycobacterium avium
GCF_002716905.3,Mycobacterium avium
GCF_002292745.1,Mycobacterium avium
GCF_003713025.1,Mycobacterium avium
GCF_900079545.1,Mycobacterium avium
GCA_000835225.1,Mycobacterium avium
GCF_001610215.1,Mycobacterium avium
GCA_000523675.1,Mycobacterium avium
GCF_002089955.1,Mycobacterium avium
GCF_001865635.4,Mycobacterium avium
GCF_000218075.1,Mycobacterium avium
GCF_002090015.1,Mycobacterium avium
GCF_013357385.1,Mycobacterium avium
GCF_001610435.1,Mycobacterium avium
GCF_001610445.1,Mycobacterium avium
GCF_002716965.3,Mycobacterium avium
GCF_001683455.1,Mycobacterium avium
GCF_001610035.1,Mycobacterium avium
GCF_020275125.1,Mycobacterium avium
GCF_003640565.1,Mycobacterium avium
GCF_002089415.1,Mycobacterium avium
GCF_021183845.1,Mycobacterium avium
GCF_020055185.1,Mycobacterium avium
GCF_002089855.1,Mycobacterium avium
GCF_015708165.1,Mycobacterium avium
GCF_001610315.1,Mycobacterium avium
GCF_002894715.1,Mycobacterium avium
GCF_000696715.1,Mycobacterium avium
GCF_002304055.1,Mycobacterium avium
GCF_020055525.1,Mycobacterium avium
GCF_020055155.1,Mycobacterium avium
GCF_002089215.1,Mycobacterium avium
GCF_002089595.1,Mycobacterium avium
GCF_001610475.1,Mycobacterium avium
GCF_009741445.1,Mycobacterium avium
GCF_001956335.1,Mycobacterium avium
GCF_020218005.1,Mycobacterium avium
GCF_001610285.1,Mycobacterium avium
GCA_000240345.2,Mycobacterium avium
GCF_001936215.1,Mycobacterium avium
GCF_002292425.1,Mycobacterium avium
GCF_002089495.1,Mycobacterium avium
GCF_000218095.1,Mycobacterium avium
GCF_002089615.1,Mycobacterium avium
GCA_000240525.2,Mycobacterium avium
GCF_001610185.1,Mycobacterium avium
GCF_002086165.1,Mycobacterium avium
GCF_002292505.1,Mycobacterium avium
GCA_000504845.1,Mycobacterium avium
GCF_020217785.1,Mycobacterium avium
GCF_020055145.1,Mycobacterium avium
GCF_001609895.1,Mycobacterium avium
GCF_000014985.1,Mycobacterium avium
GCF_020217495.1,Mycobacterium avium
GCF_001904595.1,Mycobacterium avium
GCF_020217545.1,Mycobacterium avium
GCF_001855445.1,Mycobacterium avium
GCF_003815795.1,Mycobacterium avium
GCF_002089255.1,Mycobacterium avium
GCF_001653355.1,Mycobacterium avium
GCF_001610145.1,Mycobacterium avium
GCF_002304195.1,Mycobacterium avium
GCA_002232005.2,Mycobacterium avium
GCF_002089935.1,Mycobacterium avium
GCF_005518055.1,Mycobacterium avium
GCF_020054535.1,Mycobacterium avium
GCF_000007865.1,Mycobacterium avium
GCF_002089975.1,Mycobacterium avium
GCA_002174295.1,Mycobacterium avium
GCA_002089515.1,Mycobacterium avium
GCF_020275665.1,Mycobacterium avium
GCF_002894345.1,Mycobacterium avium
GCF_020055545.1,Mycobacterium avium
GCF_005518035.1,Mycobacterium avium
GCF_020055565.1,Mycobacterium avium
GCF_002089915.1,Mycobacterium avium
GCF_001610065.1,Mycobacterium avium
GCF_002089435.1,Mycobacterium avium
GCF_000240465.1,Mycobacterium avium
GCF_005518015.1,Mycobacterium avium
GCF_002090035.1,Mycobacterium avium
GCF_000523995.1,Mycobacterium avium
GCF_001610095.1,Mycobacterium avium
GCF_000655755.1,Mycobacterium avium
GCF_002928225.1,Mycobacterium avium
GCF_000240385.1,Mycobacterium avium
GCF_020055365.1,Mycobacterium avium
GCF_002089135.1,Mycobacterium avium
GCF_002292445.1,Mycobacterium avium
GCF_002292725.1,Mycobacterium avium
GCF_002089315.1,Mycobacterium avium
GCA_000504725.1,Mycobacterium avium
GCF_002089735.1,Mycobacterium avium
GCF_002089175.1,Mycobacterium avium
GCF_002292435.1,Mycobacterium avium
GCF_001610515.1,Mycobacterium avium
GCF_002089195.1,Mycobacterium avium
GCF_001904575.1,Mycobacterium avium
GCF_002304095.1,Mycobacterium avium
GCA_000504865.1,Mycobacterium avium
GCF_020055245.1,Mycobacterium avium
GCF_002089155.1,Mycobacterium avium
GCF_001610465.1,Mycobacterium avium
GCF_002304065.2,Mycobacterium avium
GCF_002089395.1,Mycobacterium avium
GCF_002089715.1,Mycobacterium avium
GCF_002292785.1,Mycobacterium avium
GCF_000240485.1,Mycobacterium avium
GCF_001583545.1,Mycobacterium avium
GCF_020735285.1,Mycobacterium avium
GCF_001610405.1,Mycobacterium avium
GCF_020217505.1,Mycobacterium avium
GCF_002089675.1,Mycobacterium avium
GCF_002211525.1,Mycobacterium avium
GCF_002716925.3,Mycobacterium avium
GCF_000216015.1,Mycobacterium avium
GCF_002089895.1,Mycobacterium avium
GCF_000218055.1,Mycobacterium avium
GCF_020055495.1,Mycobacterium avium
GCF_000218135.1,Mycobacterium avium
GCF_020055445.1,Mycobacterium avium
GCF_002089455.1,Mycobacterium avium
GCF_002201735.1,Mycobacterium avium
GCF_002089575.1,Mycobacterium avium
GCF_000523655.1,Mycobacterium avium
GCF_020217945.1,Mycobacterium avium
GCF_004345205.2,Mycobacterium avium
GCF_020275645.1,Mycobacterium avium
GCF_001609975.1,Mycobacterium avium
GCA_000330785.1,Mycobacterium avium
GCF_000240445.1,Mycobacterium avium
GCF_001610395.1,Mycobacterium avium
GCF_001855375.1,Mycobacterium avium
GCF_002292735.1,Mycobacterium avium
GCF_016587655.1,Mycobacterium intracellulare
GCF_023278465.1,Mycobacterium intracellulare
GCF_021183745.1,Mycobacterium intracellulare
GCF_001686655.1,Mycobacterium intracellulare
GCF_002292625.1,Mycobacterium intracellulare
GCF_900959515.1,Mycobacterium intracellulare
GCF_016756035.1,Mycobacterium intracellulare
GCF_002219285.1,Mycobacterium intracellulare
GCF_016755955.1,Mycobacterium intracellulare
GCF_020217665.1,Mycobacterium intracellulare
GCF_016587755.1,Mycobacterium intracellulare
GCF_002219245.1,Mycobacterium intracellulare
GCF_001667355.1,Mycobacterium intracellulare
GCF_016756255.1,Mycobacterium intracellulare
GCF_020217905.1,Mycobacterium intracellulare
GCF_002219265.1,Mycobacterium intracellulare
GCF_020217765.1,Mycobacterium intracellulare
GCF_020217735.1,Mycobacterium intracellulare
GCF_016755975.1,Mycobacterium intracellulare
GCF_020217605.1,Mycobacterium intracellulare
GCF_016587615.1,Mycobacterium intracellulare
GCF_023278525.1,Mycobacterium intracellulare
GCF_016756075.1,Mycobacterium intracellulare
GCF_002851835.1,Mycobacterium intracellulare
GCF_016756095.1,Mycobacterium intracellulare
GCF_020217955.1,Mycobacterium intracellulare
GCF_000276825.1,Mycobacterium intracellulare
GCF_001938095.1,Mycobacterium intracellulare
GCF_001307395.1,Mycobacterium intracellulare
GCF_020217845.1,Mycobacterium intracellulare
GCF_016756295.1,Mycobacterium intracellulare
GCF_023278505.1,Mycobacterium intracellulare
GCF_022340085.1,Mycobacterium intracellulare
GCF_016587695.1,Mycobacterium intracellulare
GCF_002287605.1,Mycobacterium intracellulare
GCF_016587595.1,Mycobacterium intracellulare
GCF_002927295.1,Mycobacterium intracellulare
GCF_002285675.1,Mycobacterium intracellulare
GCF_009664715.1,Mycobacterium intracellulare
GCF_900116695.1,Mycobacterium intracellulare
GCF_016755915.1,Mycobacterium intracellulare
GCF_016756135.1,Mycobacterium intracellulare
GCF_001667655.1,Mycobacterium intracellulare
GCF_023278485.1,Mycobacterium intracellulare
GCF_016756155.1,Mycobacterium intracellulare
GCF_020217585.1,Mycobacterium intracellulare
GCF_002851815.1,Mycobacterium intracellulare
GCF_000298095.1,Mycobacterium intracellulare
GCF_002285695.1,Mycobacterium intracellulare
GCF_020217815.1,Mycobacterium intracellulare
GCF_016756015.1,Mycobacterium intracellulare
GCF_000277145.1,Mycobacterium intracellulare
GCF_020217725.1,Mycobacterium intracellulare
GCF_001307415.1,Mycobacterium intracellulare
GCF_021183785.1,Mycobacterium intracellulare
GCF_900960235.1,Mycobacterium intracellulare
GCF_016587635.1,Mycobacterium intracellulare
GCF_016587675.1,Mycobacterium intracellulare
GCF_000172115.1,Mycobacterium intracellulare
GCF_016756115.1,Mycobacterium intracellulare
GCA_000523815.1,Mycobacterium intracellulare
GCF_002292535.1,Mycobacterium intracellulare
GCF_900959895.1,Mycobacterium intracellulare
GCF_016587715.1,Mycobacterium intracellulare
GCF_016587575.1,Mycobacterium intracellulare
GCF_020217685.1,Mycobacterium intracellulare
GCF_002101575.1,Mycobacterium intracellulare
GCF_000262165.1,Mycobacterium intracellulare
GCF_016587735.1,Mycobacterium intracellulare
GCF_000524015.1,Mycobacterium intracellulare
GCF_016755935.1,Mycobacterium intracellulare
GCF_002292645.1,Mycobacterium intracellulare
GCF_000277125.1,Mycobacterium intracellulare
GCF_020412425.1,Mycobacterium intracellulare
GCF_016756175.1,Mycobacterium intracellulare
GCF_016755995.1,Mycobacterium intracellulare
GCF_002292525.1,Mycobacterium intracellulare
GCF_010731935.1,Mycobacterium intracellulare
GCF_020412405.1,Mycobacterium intracellulare
GCF_000709305.1,Mycobacterium intracellulare
GCA_000523595.1,Mycobacterium intracellulare
GCF_021495365.1,Mycobacterium intracellulare
GCF_001901205.1,Mycobacterium intracellulare
GCF_016756055.1,Mycobacterium intracellulare
GCF_000418535.1,Mycobacterium intracellulare
GCF_002148195.1,Mycobacterium intracellulare
GCF_000523795.1,Mycobacterium intracellulare
GCF_020217625.1,Mycobacterium intracellulare
GCF_000364405.1,Mycobacterium intracellulare
GCF_000309055.1,Mycobacterium intracellulare
GCF_002104735.1,Mycobacterium intracellulare
GCF_001750065.2,Mycobacterium intracellulare
GCF_001667705.1,Mycobacterium intracellulare
GCF_002851795.1,Mycobacterium intracellulare
GCF_020736005.1,Mycobacterium intracellulare
GCF_001307335.1,Mycobacterium intracellulare
GCF_016756215.1,Mycobacterium intracellulare
GCF_020217705.1,Mycobacterium intracellulare
GCF_016756195.1,Mycobacterium intracellulare
GCF_016756235.1,Mycobacterium intracellulare
GCF_002148175.1,Mycobacterium intracellulare
GCF_023278445.1,Mycobacterium intracellulare
GCF_021183765.1,Mycobacterium intracellulare
GCF_002166795.1,Mycobacterium intracellulare
GCF_016756275.1,Mycobacterium intracellulare
GCF_001686645.1,Mycobacterium intracellulare
GCF_016587555.1,Mycobacterium intracellulare
GCF_002240155.1,Mycobacterium intracellulare
GCF_015700775.1,Mycobacterium chelonae
GCA_001854035.1,Mycobacterium chelonae
GCF_003390495.1,Mycobacterium chelonae
GCF_002013825.1,Mycobacterium chelonae
GCF_004355245.1,Mycobacterium chelonae
GCF_002102055.1,Mycobacterium chelonae
GCF_001853865.1,Mycobacterium chelonae
GCF_002013635.1,Mycobacterium chelonae
GCF_001440005.1,Mycobacterium chelonae
GCF_001853895.1,Mycobacterium chelonae
GCF_000715335.1,Mycobacterium chelonae
GCF_015700815.1,Mycobacterium chelonae
GCF_019061385.1,Mycobacterium chelonae
GCF_001853745.1,Mycobacterium chelonae
GCF_001853965.1,Mycobacterium chelonae
GCA_001611855.1,Mycobacterium chelonae
GCF_001853805.1,Mycobacterium chelonae
GCF_001853685.1,Mycobacterium chelonae
GCF_001853775.1,Mycobacterium chelonae
GCF_002013485.1,Mycobacterium chelonae
GCF_001854015.1,Mycobacterium chelonae
GCF_001853885.1,Mycobacterium chelonae
GCF_002013675.1,Mycobacterium chelonae
GCF_021729805.1,Mycobacterium chelonae
GCF_001853925.1,Mycobacterium chelonae
GCF_015700855.1,Mycobacterium chelonae
GCF_016767715.1,Mycobacterium chelonae
GCF_001440265.1,Mycobacterium chelonae
GCF_001440135.1,Mycobacterium chelonae
GCF_001853695.1,Mycobacterium chelonae
GCF_001853535.1,Mycobacterium chelonae
GCF_002013305.1,Mycobacterium chelonae
GCF_001440185.1,Mycobacterium chelonae
GCA_002843405.1,Mycobacterium chelonae
GCF_001853665.1,Mycobacterium chelonae
GCF_001440205.1,Mycobacterium chelonae
GCF_002013315.1,Mycobacterium chelonae
GCF_015700795.1,Mycobacterium chelonae
GCF_006494735.1,Mycobacterium chelonae
GCF_001440085.1,Mycobacterium chelonae
GCF_001440155.1,Mycobacterium chelonae
GCF_000971805.1,Mycobacterium chelonae
GCF_001853715.1,Mycobacterium chelonae
GCF_001440105.1,Mycobacterium chelonae
GCF_001853605.1,Mycobacterium chelonae
GCF_001853985.1,Mycobacterium chelonae
GCF_015700835.1,Mycobacterium chelonae
GCA_002013615.1,Mycobacterium chelonae
GCF_002013535.1,Mycobacterium chelonae
GCF_001853545.1,Mycobacterium chelonae
GCF_001942555.1,Mycobacterium chelonae
GCF_002013595.1,Mycobacterium chelonae
GCF_002013515.1,Mycobacterium chelonae
GCF_001853945.1,Mycobacterium chelonae
GCF_001942545.1,Mycobacterium chelonae
GCF_001440245.1,Mycobacterium chelonae
GCF_002013725.1,Mycobacterium chelonae
GCF_001853585.1,Mycobacterium chelonae
GCF_019173595.1,Mycobacterium chelonae
GCF_001440305.1,Mycobacterium chelonae
GCF_002013855.1,Mycobacterium chelonae
GCA_900637085.1,Mycobacterium chelonae
GCF_001853615.1,Mycobacterium chelonae
GCF_001440225.1,Mycobacterium chelonae
GCF_001942575.1,Mycobacterium chelonae
GCF_001440275.1,Mycobacterium chelonae
GCF_016446355.1,Mycobacterium chelonae
GCF_016446375.1,Mycobacterium chelonae
GCF_001853995.1,Mycobacterium chelonae
GCF_015700725.1,Mycobacterium chelonae
GCF_001632805.1,Mycobacterium chelonae
GCF_001853845.1,Mycobacterium chelonae
GCF_001440125.1,Mycobacterium chelonae
GCF_002013455.1,Mycobacterium chelonae
GCF_002013815.1,Mycobacterium chelonae
GCF_002911575.1,Mycobacterium marinum
GCF_003431675.1,Mycobacterium marinum
GCF_002911595.1,Mycobacterium marinum
GCF_003431575.1,Mycobacterium marinum
GCA_024341605.1,Mycobacterium marinum
GCA_024341415.1,Mycobacterium marinum
GCA_024341395.1,Mycobacterium marinum
GCA_024341435.1,Mycobacterium marinum
GCF_002911505.1,Mycobacterium marinum
GCA_024341545.1,Mycobacterium marinum
GCA_024341625.1,Mycobacterium marinum
GCA_024341245.1,Mycobacterium marinum
GCF_000419315.1,Mycobacterium marinum
GCA_024341225.1,Mycobacterium marinum
GCF_000723425.2,Mycobacterium marinum
GCA_024341725.1,Mycobacterium marinum
GCA_024341505.1,Mycobacterium marinum
GCA_024341475.1,Mycobacterium marinum
GCA_024341525.1,Mycobacterium marinum
GCF_016745295.1,Mycobacterium marinum
GCA_024341585.1,Mycobacterium marinum
GCF_002911515.1,Mycobacterium marinum
GCA_024341665.1,Mycobacterium marinum
GCF_003431585.1,Mycobacterium marinum
GCF_000018345.1,Mycobacterium marinum
GCF_003431655.1,Mycobacterium marinum
GCA_024341185.1,Mycobacterium marinum
GCF_003431725.1,Mycobacterium marinum
GCF_003391415.1,Mycobacterium marinum
GCF_019456695.2,Mycobacterium marinum
GCA_024341565.1,Mycobacterium marinum
GCF_002249865.1,Mycobacterium marinum
GCA_024341205.1,Mycobacterium marinum
GCA_024341705.1,Mycobacterium marinum
GCF_003391395.1,Mycobacterium marinum
GCF_003431735.1,Mycobacterium marinum
GCF_003431565.1,Mycobacterium marinum
GCA_024341455.1,Mycobacterium marinum
GCF_010728525.1,Mycobacterium marinum
GCA_024341645.1,Mycobacterium marinum
GCA_003609695.1,Mycobacterium marinum
GCA_024341265.1,Mycobacterium marinum
GCA_024341305.1,Mycobacterium marinum
GCF_003431605.1,Mycobacterium marinum
GCA_024341685.1,Mycobacterium marinum
GCF_003431645.1,Mycobacterium marinum
GCF_003431665.1,Mycobacterium marinum
GCF_000419335.1,Mycobacterium marinum
GCA_024341375.1,Mycobacterium marinum
GCA_024341165.1,Mycobacterium marinum
GCF_003431805.1,Mycobacterium marinum
GCF_002355775.1,Mycobacterium ulcerans
GCF_901411635.1,Mycobacterium ulcerans
GCF_000419295.1,Mycobacterium ulcerans
GCF_000026445.2,Mycobacterium ulcerans
GCF_014524945.1,Mycobacterium ulcerans
GCF_003584745.1,Mycobacterium ulcerans
GCF_902506705.1,Mycobacterium ulcerans
GCA_022354805.1,Mycobacterium ulcerans
GCF_003431765.1,Mycobacterium ulcerans
GCF_022374915.1,Mycobacterium ulcerans
GCF_020150655.1,Mycobacterium ulcerans
GCF_001515365.1,Mycobacterium ulcerans
GCF_900638745.1,Mycobacterium ulcerans
GCF_900683785.1,Mycobacterium ulcerans
GCA_000524035.1,Mycobacterium ulcerans
GCF_003431775.1,Mycobacterium ulcerans
GCF_000013925.1,Mycobacterium ulcerans
GCA_024347175.1,Mycobacterium ulcerans
GCF_020616615.1,Mycobacterium ulcerans
GCF_002356495.1,Mycobacterium ulcerans
GCF_001870585.1,Mycobacterium ulcerans
GCF_024085145.1,Mycobacterium smegmatis
GCF_004310135.1,Mycobacterium smegmatis
GCF_000283295.1,Mycobacterium smegmatis
GCF_024599995.1,Mycobacterium smegmatis
GCF_024179085.1,Mycobacterium smegmatis
GCF_004307055.1,Mycobacterium smegmatis
GCF_004310195.1,Mycobacterium smegmatis
GCF_024085205.1,Mycobacterium smegmatis
GCF_004309955.1,Mycobacterium smegmatis
GCF_024600015.1,Mycobacterium smegmatis
GCF_015321325.1,Mycobacterium smegmatis
GCF_024085065.1,Mycobacterium smegmatis
GCF_019930745.1,Mycobacterium smegmatis
GCF_022370375.1,Mycobacterium smegmatis
GCF_024085095.1,Mycobacterium smegmatis
GCF_015223325.1,Mycobacterium smegmatis
GCF_022370395.1,Mycobacterium smegmatis
GCF_000015005.1,Mycobacterium smegmatis
GCF_024085225.1,Mycobacterium smegmatis
GCF_024085945.1,Mycobacterium smegmatis
GCF_024085245.1,Mycobacterium smegmatis
GCF_024085175.1,Mycobacterium smegmatis
GCF_023913245.1,Mycobacterium smegmatis
GCF_004310145.1,Mycobacterium smegmatis
GCF_024600035.1,Mycobacterium smegmatis
GCF_024085335.1,Mycobacterium smegmatis
GCF_000767705.1,Mycobacterium smegmatis
GCF_000767605.1,Mycobacterium smegmatis
GCF_015223215.1,Mycobacterium smegmatis
GCF_020731585.1,Mycobacterium smegmatis
GCF_024085445.1,Mycobacterium smegmatis
GCF_004310045.1,Mycobacterium smegmatis
GCF_015223265.1,Mycobacterium smegmatis
GCF_015223305.1,Mycobacterium smegmatis
GCF_004310165.1,Mycobacterium smegmatis
GCF_004310225.1,Mycobacterium smegmatis
GCF_024600315.1,Mycobacterium smegmatis
GCF_000521845.1,Mycobacterium smegmatis
GCF_004310125.1,Mycobacterium smegmatis
GCF_004310055.1,Mycobacterium smegmatis
GCF_000331165.2,Mycobacterium smegmatis
GCF_001457595.1,Mycobacterium smegmatis
GCF_009764675.1,Mycobacterium smegmatis
GCF_900453465.1,Mycobacterium smegmatis
GCF_004310075.1,Mycobacterium smegmatis
GCF_000767665.1,Mycobacterium smegmatis
GCF_015223295.1,Mycobacterium smegmatis
GCF_024085075.1,Mycobacterium smegmatis
GCF_021183885.1,Mycobacterium smegmatis
GCF_013349145.1,Mycobacterium smegmatis
GCF_024085405.1,Mycobacterium smegmatis
GCF_024600455.1,Mycobacterium smegmatis
GCF_022370415.1,Mycobacterium smegmatis
GCF_024085325.1,Mycobacterium smegmatis
GCA_023418405.1,Mycobacterium smegmatis
GCF_021183665.1,Mycobacterium smegmatis
GCF_004310235.1,Mycobacterium smegmatis
GCF_004310095.1,Mycobacterium smegmatis
GCF_015223255.1,Mycobacterium smegmatis
GCF_024085425.1,Mycobacterium smegmatis
GCF_015321375.1,Mycobacterium smegmatis
GCF_024085165.1,Mycobacterium smegmatis
GCF_024085085.1,Mycobacterium smegmatis
GCF_024600175.1,Mycobacterium smegmatis
GCF_002920675.1,Mycobacterium kansasii
GCF_000523615.1,Mycobacterium kansasii
GCA_000524095.1,Mycobacterium kansasii
GCA_002003625.1,Mycobacterium kansasii
GCF_002085835.1,Mycobacterium kansasii
GCF_002920795.1,Mycobacterium kansasii
GCF_002086895.1,Mycobacterium kansasii
GCF_900565985.1,Mycobacterium kansasii
GCF_000715375.1,Mycobacterium kansasii
GCA_014701265.1,Mycobacterium kansasii
GCF_002920705.1,Mycobacterium kansasii
GCF_002920805.1,Mycobacterium kansasii
GCF_002705825.1,Mycobacterium kansasii
GCF_002085625.1,Mycobacterium kansasii
GCF_002085775.1,Mycobacterium kansasii
GCF_000157895.3,Mycobacterium kansasii
GCF_900566155.1,Mycobacterium kansasii
GCF_002920845.1,Mycobacterium kansasii
GCF_002920735.1,Mycobacterium kansasii
GCF_001632965.1,Mycobacterium kansasii
GCF_002920665.1,Mycobacterium kansasii
GCA_002003585.1,Mycobacterium kansasii
GCF_002920655.1,Mycobacterium kansasii
GCF_002705865.1,Mycobacterium kansasii
GCF_002085815.1,Mycobacterium kansasii
GCF_002920775.1,Mycobacterium kansasii
GCF_002920755.1,Mycobacterium kansasii
GCF_002920815.1,Mycobacterium kansasii
GCF_021183705.1,Mycobacterium kansasii
GCF_015471985.1,Mycobacterium kansasii
GCF_020341475.1,Mycobacterium kansasii
GCA_009827645.1,Mycobacterium kansasii
GCF_002705785.1,Mycobacterium kansasii
GCF_002085795.1,Mycobacterium kansasii
GCF_900565995.1,Mycobacterium kansasii
GCF_002085645.1,Mycobacterium kansasii
GCF_021183865.1,Mycobacterium kansasii
GCF_021183685.1,Mycobacterium kansasii
GCF_002920875.1,Mycobacterium kansasii
GCF_001570465.1,Mycobacterium fortuitum
GCF_013138425.1,Mycobacterium fortuitum
GCF_013138515.1,Mycobacterium fortuitum
GCF_001954145.1,Mycobacterium fortuitum
GCF_017948465.1,Mycobacterium fortuitum
GCF_001672835.1,Mycobacterium fortuitum
GCA_020275685.1,Mycobacterium fortuitum
GCF_001673325.1,Mycobacterium fortuitum
GCF_001665795.1,Mycobacterium fortuitum
GCA_001050075.1,Mycobacterium fortuitum
GCF_001666985.1,Mycobacterium fortuitum
GCF_022179545.1,Mycobacterium fortuitum
GCF_001672855.1,Mycobacterium fortuitum
GCF_000295855.1,Mycobacterium fortuitum
GCF_020275725.1,Mycobacterium fortuitum
GCF_001667445.1,Mycobacterium fortuitum
GCF_001665545.1,Mycobacterium fortuitum
GCF_001673275.1,Mycobacterium fortuitum
GCF_006517415.1,Mycobacterium fortuitum
GCA_021249325.1,Mycobacterium fortuitum
GCF_001954035.1,Mycobacterium fortuitum
GCF_017915355.1,Mycobacterium fortuitum
GCF_013138535.1,Mycobacterium fortuitum
GCF_001665315.1,Mycobacterium fortuitum
GCF_001673485.1,Mycobacterium fortuitum
GCF_001307545.1,Mycobacterium fortuitum
GCF_020227715.1,Mycobacterium fortuitum
GCF_900453945.1,Mycobacterium fortuitum
GCA_001475495.2,Mycobacterium fortuitum
GCF_001665415.1,Mycobacterium fortuitum
GCF_001666795.1,Mycobacterium fortuitum
GCA_000416365.2,Mycobacterium fortuitum
GCF_001667345.1,Mycobacterium fortuitum
GCF_001672845.1,Mycobacterium fortuitum
GCF_001665455.1,Mycobacterium fortuitum
GCF_020227835.1,Mycobacterium fortuitum
GCF_900454115.1,Mycobacterium senegalense
GCF_000233935.1,Mycobacterium senegalense
GCF_019739095.1,Mycobacterium senegalense
GCF_001954205.1,Mycobacterium senegalense
GCF_001954235.1,Mycobacterium senegalense
GCF_001077745.1,Mycobacterium senegalense
GCA_001052995.1,Mycobacterium senegalense
GCF_002102065.1,Mycobacterium senegalense
GCF_001665335.1,Mycobacterium senegalense
GCF_001021425.1,Mycobacterium senegalense
GCF_001667225.1,Mycobacterium senegalense
GCF_000723385.1,Mycobacterium senegalense
GCF_019739075.1,Mycobacterium senegalense
GCF_019645875.1,Mycobacterium senegalense
GCF_001954125.1,Mycobacterium senegalense
GCF_001667235.1,Mycobacterium senegalense
GCF_001673265.1,Mycobacterium senegalense
GCF_001667305.1,Mycobacterium senegalense
GCF_001012795.1,Mycobacterium senegalense
GCF_001667965.1,Mycobacterium senegalense
GCF_001296245.1,Mycobacterium immunogenum
GCF_002013555.1,Mycobacterium immunogenum
GCF_002101665.1,Mycobacterium immunogenum
GCF_001677135.1,Mycobacterium immunogenum
GCF_001296385.1,Mycobacterium immunogenum
GCF_001655155.1,Mycobacterium immunogenum
GCA_002863205.1,Mycobacterium immunogenum
GCF_001296415.1,Mycobacterium immunogenum
GCF_001605725.1,Mycobacterium immunogenum
GCF_001296405.1,Mycobacterium immunogenum
GCF_001296345.1,Mycobacterium immunogenum
GCF_001296425.1,Mycobacterium immunogenum
GCF_001296335.1,Mycobacterium immunogenum
GCF_001296275.1,Mycobacterium immunogenum
GCF_000878425.1,Mycobacterium immunogenum
GCF_001296265.1,Mycobacterium immunogenum
GCF_001296255.1,Mycobacterium immunogenum
GCF_001296325.1,Mycobacterium immunogenum
GCF_001953985.1,Mycobacterium colombiense_B
GCF_001673505.1,Mycobacterium colombiense_B
GCF_001673075.1,Mycobacterium colombiense_B
GCF_001954075.1,Mycobacterium colombiense_B
GCF_001673015.1,Mycobacterium colombiense_B
GCF_001673085.1,Mycobacterium colombiense_B
GCF_001673005.1,Mycobacterium colombiense_B
GCF_001673175.1,Mycobacterium colombiense_B
GCF_001954055.1,Mycobacterium colombiense_B
GCF_001673195.1,Mycobacterium colombiense_B
GCF_001667905.1,Mycobacterium colombiense_B
GCF_001954115.1,Mycobacterium colombiense_B
GCF_004366145.1,Mycobacterium franklinii
GCF_002013715.1,Mycobacterium franklinii
GCF_004366895.1,Mycobacterium franklinii
GCF_004367235.1,Mycobacterium franklinii
GCF_002013295.1,Mycobacterium franklinii
GCF_002013895.1,Mycobacterium franklinii
GCF_002086225.1,Mycobacterium franklinii
GCF_011064445.1,Mycobacterium franklinii
GCF_004355025.1,Mycobacterium franklinii
GCF_001853795.1,Mycobacterium franklinii
GCF_004367295.1,Mycobacterium franklinii
GCF_004367185.1,Mycobacterium franklinii
GCF_002705895.1,Mycobacterium persicum
GCF_001632975.1,Mycobacterium persicum
GCF_900566005.1,Mycobacterium persicum
GCA_002086935.1,Mycobacterium persicum
GCF_002086675.1,Mycobacterium persicum
GCF_902825395.1,Mycobacterium persicum
GCF_002086855.1,Mycobacterium persicum
GCF_002086915.1,Mycobacterium persicum
GCF_900566035.1,Mycobacterium persicum
GCF_900566015.1,Mycobacterium persicum
GCA_002086925.1,Mycobacterium persicum
GCF_002705835.1,Mycobacterium persicum
GCA_000744355.1,Mycobacterium neoaurum
GCF_022559925.1,Mycobacterium neoaurum
GCF_000724065.1,Mycobacterium neoaurum
GCA_023428625.1,Mycobacterium neoaurum
GCF_018363015.1,Mycobacterium neoaurum
GCF_005670605.1,Mycobacterium neoaurum
GCF_000691525.1,Mycobacterium neoaurum
GCF_022559965.1,Mycobacterium neoaurum
GCF_900101555.1,Mycobacterium neoaurum
GCA_023411105.1,Mycobacterium neoaurum
GCA_023452275.1,Mycobacterium neoaurum
GCF_009192875.1,Mycobacterium phlei
GCF_900453675.1,Mycobacterium phlei
GCA_900637115.1,Mycobacterium phlei
GCF_001582005.1,Mycobacterium phlei
GCF_024652765.1,Mycobacterium phlei
GCF_001583415.1,Mycobacterium phlei
GCF_001582025.1,Mycobacterium phlei
GCF_001581995.1,Mycobacterium phlei
GCF_015333575.1,Mycobacterium phlei
GCF_000257725.1,Mycobacterium phlei
GCF_001582015.1,Mycobacterium phlei
GCA_007786435.1,Mycobacterium porcinum
GCA_900289185.1,Mycobacterium porcinum
GCA_000612885.1,Mycobacterium porcinum
GCA_001686675.1,Mycobacterium porcinum
GCA_002086835.1,Mycobacterium porcinum
GCA_019731915.1,Mycobacterium porcinum
GCA_001722425.1,Mycobacterium porcinum
GCA_001686845.1,Mycobacterium porcinum
GCA_001686835.1,Mycobacterium porcinum
GCA_001686755.1,Mycobacterium porcinum
GCF_905219535.1,Mycobacterium riyadhense
GCF_002101845.1,Mycobacterium riyadhense
GCF_905219495.1,Mycobacterium riyadhense
GCF_905219555.1,Mycobacterium riyadhense
GCF_905219475.1,Mycobacterium riyadhense
GCF_905219525.1,Mycobacterium riyadhense
GCF_905219505.1,Mycobacterium riyadhense
GCF_905219485.1,Mycobacterium riyadhense
GCF_905219515.1,Mycobacterium riyadhense
GCF_016864455.1,Mycobacterium riyadhense
GCF_001557045.1,Mycobacterium phocaicum
GCF_005670655.1,Mycobacterium phocaicum
GCF_010731115.1,Mycobacterium phocaicum
GCA_003987785.1,Mycobacterium phocaicum
GCF_001556905.1,Mycobacterium phocaicum
GCF_020520165.1,Mycobacterium phocaicum
GCF_004359045.1,Mycobacterium phocaicum
GCF_001665375.1,Mycobacterium phocaicum
GCF_003851485.1,Mycobacterium phocaicum
GCF_021559935.1,Mycobacterium austroafricanum
GCF_000015305.1,Mycobacterium austroafricanum
GCF_019880505.1,Mycobacterium austroafricanum
GCF_002968275.1,Mycobacterium austroafricanum
GCF_016919645.1,Mycobacterium austroafricanum
GCF_019856635.1,Mycobacterium austroafricanum
GCF_000612725.1,Mycobacterium austroafricanum
GCF_019856675.1,Mycobacterium austroafricanum
GCF_019856655.1,Mycobacterium austroafricanum
GCF_004359015.1,Mycobacterium paragordonae
GCF_003614435.1,Mycobacterium paragordonae
GCF_009733755.1,Mycobacterium paragordonae
GCF_004359025.1,Mycobacterium paragordonae
GCF_001673475.1,Mycobacterium paragordonae
GCF_010723415.1,Mycobacterium paragordonae
GCA_002786085.1,Mycobacterium paragordonae
GCF_004359035.1,Mycobacterium paragordonae
GCF_001673255.1,Mycobacterium paragordonae
GCA_024341945.1,Mycobacterium montefiorense
GCA_024342045.1,Mycobacterium montefiorense
GCA_024342005.1,Mycobacterium montefiorense
GCA_024342025.1,Mycobacterium montefiorense
GCA_024342085.1,Mycobacterium montefiorense
GCF_003112775.1,Mycobacterium montefiorense
GCA_024342065.1,Mycobacterium montefiorense
GCA_024341965.1,Mycobacterium montefiorense
GCA_024341985.1,Mycobacterium montefiorense
GCF_001675225.1,Mycobacterium gordonae
GCA_002786135.1,Mycobacterium gordonae
GCA_002786125.1,Mycobacterium gordonae
GCF_002101675.1,Mycobacterium gordonae
GCF_001722405.1,Mycobacterium gordonae
GCF_024451565.1,Mycobacterium gordonae
GCA_021154995.1,Mycobacterium gordonae
GCA_016185315.1,Mycobacterium gordonae
GCA_019745635.1,Mycobacterium gordonae
GCA_002705935.1,Mycobacterium pseudokansasii
GCF_900566045.1,Mycobacterium pseudokansasii
GCA_019751035.1,Mycobacterium pseudokansasii
GCA_002705885.1,Mycobacterium pseudokansasii
GCA_000524055.1,Mycobacterium pseudokansasii
GCF_900566075.1,Mycobacterium pseudokansasii
GCF_900566025.1,Mycobacterium pseudokansasii
GCA_001632915.1,Mycobacterium pseudokansasii
GCA_018524375.1,Mycobacterium goodii
GCA_018524265.1,Mycobacterium goodii
GCA_018524325.1,Mycobacterium goodii
GCA_001905305.1,Mycobacterium goodii
GCA_018524285.1,Mycobacterium goodii
GCA_018524295.1,Mycobacterium goodii
GCA_002798385.1,Mycobacterium goodii
GCF_022370755.2,Mycobacterium goodii
GCF_017052695.1,Mycobacterium septicum
GCF_012396425.1,Mycobacterium septicum
GCA_900113075.1,Mycobacterium septicum
GCA_900110825.1,Mycobacterium septicum
GCF_000455325.1,Mycobacterium septicum
GCF_016919345.1,Mycobacterium septicum
GCF_003855255.1,Mycobacterium septicum
GCF_016919325.1,Mycobacterium septicum
GCA_000416385.1,Mycobacterium neoaurum_A
GCF_003367335.1,Mycobacterium neoaurum_A
GCA_006715585.1,Mycobacterium neoaurum_A
GCF_000959045.1,Mycobacterium neoaurum_A
GCF_000317305.3,Mycobacterium neoaurum_A
GCA_001580405.1,Mycobacterium neoaurum_A
GCF_001510785.1,Mycobacterium neoaurum_A
GCA_016995035.1,Mycobacterium mageritense
GCA_008015735.1,Mycobacterium mageritense
GCA_001907615.1,Mycobacterium mageritense
GCF_010727475.1,Mycobacterium mageritense
GCF_020884715.1,Mycobacterium mageritense
GCF_000612825.1,Mycobacterium mageritense
GCF_020907445.1,Mycobacterium mageritense
GCA_000383495.1,Mycobacterium mucogenicum_B
GCF_009192845.1,Mycobacterium mucogenicum_B
GCA_000686745.1,Mycobacterium mucogenicum_B
GCA_900107555.1,Mycobacterium mucogenicum_B
GCF_005670685.2,Mycobacterium mucogenicum_B
GCF_001668705.1,Mycobacterium mucogenicum_B
GCF_001291445.1,Mycobacterium mucogenicum_B
GCF_002086345.1,Mycobacterium marseillense
GCF_010731675.1,Mycobacterium marseillense
GCF_020217515.1,Mycobacterium marseillense
GCF_010723675.1,Mycobacterium marseillense
GCF_002285715.1,Mycobacterium marseillense
GCF_001673235.1,Mycobacterium marseillense
GCF_007654935.1,Mycobacterium marseillense
GCF_001667525.1,Mycobacterium kubicae
GCF_002101745.1,Mycobacterium kubicae
GCF_010723135.1,Mycobacterium kubicae
GCF_014263335.1,Mycobacterium kubicae
GCF_001673455.1,Mycobacterium kubicae
GCF_014263315.1,Mycobacterium kubicae
GCF_015689175.1,Mycobacterium kubicae
GCF_001648835.1,Mycobacterium leprae
GCF_001653495.1,Mycobacterium leprae
GCF_000195855.1,Mycobacterium leprae
GCF_003584725.1,Mycobacterium leprae
GCA_000026685.1,Mycobacterium leprae
GCF_003253775.1,Mycobacterium leprae
GCF_002086605.1,Mycobacterium elephantis
GCF_001665365.1,Mycobacterium elephantis
GCF_001665755.1,Mycobacterium elephantis
GCF_001667535.1,Mycobacterium elephantis
GCF_004014805.1,Mycobacterium elephantis
GCF_001005175.1,Mycobacterium elephantis
GCA_001500105.1,Mycobacterium lehmannii
GCA_001499915.1,Mycobacterium lehmannii
GCA_900089125.1,Mycobacterium lehmannii
GCA_001500085.1,Mycobacterium lehmannii
GCF_002245535.1,Mycobacterium lehmannii
GCF_001499925.1,Mycobacterium lehmannii
GCF_001686745.1,Mycobacterium parascrofulaceum
GCF_001686735.1,Mycobacterium parascrofulaceum
GCF_001686665.1,Mycobacterium parascrofulaceum
GCF_000164135.1,Mycobacterium parascrofulaceum
GCF_001686725.1,Mycobacterium parascrofulaceum
GCF_001686825.1,Mycobacterium parascrofulaceum
GCA_943913265.1,Mycobacterium kyogaense
GCF_000974925.2,Mycobacterium kyogaense
GCF_004359005.1,Mycobacterium kyogaense
GCF_003254575.1,Mycobacterium kyogaense
GCF_001044245.1,Mycobacterium kyogaense
GCA_001905565.1,Mycobacterium kyogaense
GCF_001673055.1,Mycobacterium europaeum_A
GCF_001673615.1,Mycobacterium europaeum_A
GCF_003284975.1,Mycobacterium europaeum_A
GCF_001669335.1,Mycobacterium europaeum_A
GCF_001672995.1,Mycobacterium europaeum_A
GCF_001673415.1,Mycobacterium europaeum_A
GCF_010731575.1,Mycobacterium monacense
GCA_014194265.1,Mycobacterium monacense
GCF_001667465.1,Mycobacterium monacense
GCF_002086655.1,Mycobacterium monacense
GCF_001665825.1,Mycobacterium monacense
GCF_009931355.1,Mycobacterium monacense
GCF_010731775.1,Mycobacterium mantenii
GCF_002086335.1,Mycobacterium mantenii
GCF_001667865.1,Mycobacterium mantenii
GCF_001667695.1,Mycobacterium mantenii
GCF_001667835.1,Mycobacterium mantenii
GCF_001667995.1,Mycobacterium mantenii
GCF_001403655.1,Mycobacterium peregrinum
GCF_004721025.1,Mycobacterium peregrinum
GCF_002102345.1,Mycobacterium peregrinum
GCF_002198105.1,Mycobacterium peregrinum
GCF_004721035.1,Mycobacterium peregrinum
GCA_008015745.1,Mycobacterium arupense
GCA_000972915.1,Mycobacterium arupense
GCF_000970885.2,Mycobacterium arupense
GCF_002086515.1,Mycobacterium arupense
GCF_008373105.1,Mycobacterium arupense
GCF_900453395.1,Mycobacterium xenopi
GCF_009936235.1,Mycobacterium xenopi
GCF_000257745.1,Mycobacterium xenopi
GCF_002102015.1,Mycobacterium xenopi
GCA_000523715.1,Mycobacterium xenopi
GCF_000972935.1,Mycobacterium virginiense
GCF_022374935.2,Mycobacterium virginiense
GCA_002967035.1,Mycobacterium virginiense
GCA_001673105.1,Mycobacterium virginiense
GCA_001666995.1,Mycobacterium virginiense
GCF_005924235.1,Mycobacterium syngnathidarum
GCF_022348025.1,Mycobacterium syngnathidarum
GCF_001942625.1,Mycobacterium syngnathidarum
GCF_001853525.1,Mycobacterium syngnathidarum
GCA_001756795.1,Mycobacterium syngnathidarum
GCF_001021405.1,Mycobacterium haemophilum
GCF_001021485.1,Mycobacterium haemophilum
GCF_001021435.1,Mycobacterium haemophilum
GCF_001021415.1,Mycobacterium haemophilum
GCF_000340435.2,Mycobacterium haemophilum
GCA_001500045.1,Mycobacterium novocastrense
GCF_001570485.1,Mycobacterium novocastrense
GCF_001499825.1,Mycobacterium novocastrense
GCF_001499835.1,Mycobacterium novocastrense
GCF_001499845.1,Mycobacterium novocastrense
GCF_002013645.1,Mycobacterium salmoniphilum
GCF_002013685.1,Mycobacterium salmoniphilum
GCF_004367915.1,Mycobacterium salmoniphilum
GCF_004924335.1,Mycobacterium salmoniphilum
GCF_004366875.1,Mycobacterium salmoniphilum
GCF_019456675.1,Mycobacterium crocinum
GCA_023390855.1,Mycobacterium crocinum
GCF_001886515.1,Mycobacterium crocinum
GCF_002335685.1,Mycobacterium crocinum
GCF_022370635.1,Mycobacterium crocinum
GCF_000878195.1,Mycobacterium llatzerense
GCF_001865165.1,Mycobacterium llatzerense
GCA_002863165.1,Mycobacterium llatzerense
GCA_021733065.1,Mycobacterium llatzerense
GCA_000746215.1,Mycobacterium llatzerense
GCF_002553495.1,Mycobacterium diernhoferi
GCF_001907655.1,Mycobacterium diernhoferi
GCF_002024975.1,Mycobacterium diernhoferi
GCA_023417175.1,Mycobacterium diernhoferi
GCF_019456655.1,Mycobacterium diernhoferi
GCF_001672925.1,Mycobacterium asiaticum
GCF_001669345.1,Mycobacterium asiaticum
GCF_001673165.1,Mycobacterium asiaticum
GCF_002086545.1,Mycobacterium asiaticum
GCF_000613245.1,Mycobacterium asiaticum
GCF_900161855.1,Mycobacterium colombiense
GCF_000222105.3,Mycobacterium colombiense
GCF_002105755.1,Mycobacterium colombiense
GCF_000661085.1,Mycobacterium colombiense
GCF_023218095.1,Mycobacterium colombiense
GCA_000987455.1,Mycobacterium cosmeticum
GCF_000613185.1,Mycobacterium cosmeticum
GCA_000455185.1,Mycobacterium cosmeticum
GCF_005670675.1,Mycobacterium cosmeticum
GCA_016185375.1,Mycobacterium nebraskense
GCF_001021495.1,Mycobacterium nebraskense
GCF_000970875.1,Mycobacterium nebraskense
GCF_002102255.1,Mycobacterium nebraskense
GCF_900603025.1,Mycobacterium hassiacum
GCF_000300375.1,Mycobacterium hassiacum
GCA_019686115.1,Mycobacterium hassiacum
GCF_000379865.1,Mycobacterium hassiacum
GCF_001881585.2,Mycobacterium heckeshornense
GCF_016861545.1,Mycobacterium heckeshornense
GCF_001077755.1,Mycobacterium heckeshornense
GCF_016592155.1,Mycobacterium heckeshornense
GCF_002086715.1,Mycobacterium saopaulense
GCF_001853625.1,Mycobacterium saopaulense
GCF_001456355.1,Mycobacterium saopaulense
GCF_001853765.1,Mycobacterium saopaulense
GCF_014295435.1,Mycobacterium fluoranthenivorans
GCA_903857655.1,Mycobacterium fluoranthenivorans
GCF_900100615.1,Mycobacterium fluoranthenivorans
GCF_011758805.1,Mycobacterium fluoranthenivorans
GCA_004216875.1,Mycobacterium chlorophenolicum
GCF_001552315.1,Mycobacterium chlorophenolicum
GCA_016219585.1,Mycobacterium chlorophenolicum
GCF_001044235.1,Mycobacterium chlorophenolicum
GCF_002102305.1,Mycobacterium paraense
GCF_002101825.1,Mycobacterium paraense
GCF_002102295.1,Mycobacterium paraense
GCF_002101815.1,Mycobacterium paraense
GCF_000805375.1,Mycobacterium setense
GCF_000805385.1,Mycobacterium setense
GCF_001665445.1,Mycobacterium setense
GCF_900236745.1,Mycobacterium setense
GCF_010725885.1,Mycobacterium tokaiense
GCF_010722995.1,Mycobacterium tokaiense
GCA_001695755.1,Mycobacterium tokaiense
GCF_900453365.1,Mycobacterium tokaiense
GCA_000240505.2,Mycobacterium kumamotonense
GCF_010093495.1,Mycobacterium kumamotonense
GCF_002086285.1,Mycobacterium kumamotonense
GCF_001679965.1,Mycobacterium kumamotonense
GCA_002762075.1,Mycobacterium gilvum
GCF_019148985.1,Mycobacterium gilvum
GCF_000184435.1,Mycobacterium gilvum
GCF_900454025.1,Mycobacterium gilvum
GCA_900637135.1,Mycobacterium flavescens
GCF_001667105.1,Mycobacterium flavescens
GCF_001665615.1,Mycobacterium flavescens
GCF_002245615.1,Mycobacterium flavescens
GCF_900566105.1,Mycobacterium attenuatum
GCF_900566065.1,Mycobacterium attenuatum
GCA_002086865.1,Mycobacterium attenuatum
GCF_900566085.1,Mycobacterium attenuatum
GCF_010726505.1,Mycobacterium algericum
GCF_002086455.1,Mycobacterium algericum
GCF_000214155.1,Mycobacterium algericum
GCF_010723515.1,Mycobacterium algericum
GCF_002093075.1,Mycobacterium simiae
GCF_000455305.1,Mycobacterium simiae
GCF_010727605.1,Mycobacterium simiae
GCA_002865895.1,Mycobacterium simiae
GCA_001632905.1,Mycobacterium innocens
GCA_002705965.1,Mycobacterium innocens
GCF_900566055.1,Mycobacterium innocens
GCA_001632885.1,Mycobacterium innocens
GCF_010726955.1,Mycobacterium fallax
GCF_002101995.1,Mycobacterium fallax
GCA_022710465.1,Mycobacterium fallax
GCF_900453455.1,Mycobacterium chubuense
GCF_002086595.1,Mycobacterium chubuense
GCF_001044255.1,Mycobacterium chubuense
GCF_010728325.1,Mycobacterium poriferae
GCA_009363295.1,Mycobacterium poriferae
GCF_022348005.1,Mycobacterium poriferae
GCA_002101905.1,Mycobacterium shimoidei
GCF_900417275.1,Mycobacterium shimoidei
GCF_001722445.1,Mycobacterium shimoidei
GCF_002101595.1,Mycobacterium celatum
GCF_002742165.1,Mycobacterium celatum
GCF_000974705.1,Mycobacterium celatum
GCF_010731835.1,Mycobacterium koreense
GCF_002104795.1,Mycobacterium koreense
GCF_001722415.1,Mycobacterium koreense
GCA_023432245.1,Mycobacterium confluentis
GCF_010729895.1,Mycobacterium confluentis
GCF_002102105.1,Mycobacterium confluentis
GCF_010731795.1,Mycobacterium celeriflavum
GCF_002086175.1,Mycobacterium celeriflavum
GCF_001667065.1,Mycobacterium celeriflavum
GCF_002086255.1,Mycobacterium insubricum
GCA_020438775.1,Mycobacterium insubricum
GCF_010731615.1,Mycobacterium insubricum
GCF_002101775.1,Mycobacterium nonchromogenicum
GCA_001953995.1,Mycobacterium nonchromogenicum
GCA_001672655.1,Mycobacterium nonchromogenicum
GCF_002553575.1,Mycobacterium brumae
GCF_004014795.1,Mycobacterium brumae
GCF_900073015.1,Mycobacterium brumae
GCF_000295825.1,Mycobacterium vaccae
GCF_001552715.1,Mycobacterium vaccae
GCF_001655245.1,Mycobacterium vaccae
GCF_002101955.1,Mycobacterium terrae
GCF_900187145.1,Mycobacterium terrae
GCF_010727125.1,Mycobacterium terrae
GCF_001672735.1,Mycobacterium sinense_B
GCF_003933725.1,Mycobacterium sinense_B
GCF_001667945.1,Mycobacterium sinense_B
GCF_002705925.1,Mycobacterium ostraviense
GCF_001632895.1,Mycobacterium ostraviense
GCF_021183725.1,Mycobacterium ostraviense
GCF_002356315.1,Mycobacterium shigaense
GCF_003515645.1,Mycobacterium shigaense
GCF_002983495.1,Mycobacterium shigaense
GCF_900166915.1,Mycobacterium boenickei
GCF_002553535.1,Mycobacterium boenickei
GCF_010731295.1,Mycobacterium boenickei
GCF_019645855.1,Mycobacterium malmoense
GCF_002086305.1,Mycobacterium malmoense
GCF_001870845.1,Mycobacterium malmoense
GCF_002086635.1,Mycobacterium alsense
GCF_001672935.1,Mycobacterium alsense
GCF_001666815.1,Mycobacterium alsense
GCA_004354905.1,Mycobacterium talmoniae
GCA_002967005.1,Mycobacterium talmoniae
GCF_001854525.1,Mycobacterium talmoniae
GCF_001722345.1,Mycobacterium intermedium
GCA_002024965.1,Mycobacterium intermedium
GCF_002086275.1,Mycobacterium intermedium
GCF_001667375.1,Mycobacterium sinense_A
GCF_001667395.1,Mycobacterium sinense_A
GCF_001673565.1,Mycobacterium sinense_A
GCA_900078775.1,Mycobacterium aurum_A
GCA_023388645.1,Mycobacterium aurum_A
GCA_023429185.1,Mycobacterium aurum_A
GCA_000972925.1,Mycobacterium hiberniae
GCF_010729485.1,Mycobacterium hiberniae
GCF_002101655.1,Mycobacterium hiberniae
GCF_014893035.1,Mycobacterium baixiangningiae
GCF_016313185.1,Mycobacterium baixiangningiae
GCF_015910495.1,Mycobacterium baixiangningiae
GCF_007714185.1,Mycobacterium helveticum
GCA_021780175.1,Mycobacterium helveticum
GCF_007714205.1,Mycobacterium helveticum
GCF_000759695.1,Mycobacterium kyorinense
GCF_002101735.1,Mycobacterium kyorinense
GCF_001439515.1,Mycobacterium kyorinense
GCF_001570505.1,Mycobacterium thermoresistibile
GCF_000234585.1,Mycobacterium thermoresistibile
GCF_900187065.1,Mycobacterium thermoresistibile
GCA_019745175.1,Mycobacterium frederiksbergense
GCF_012223425.1,Mycobacterium frederiksbergense
GCA_021732035.1,Mycobacterium frederiksbergense
GCF_900453085.1,Mycobacterium aichiense
GCF_010726245.1,Mycobacterium aichiense
GCF_010726645.1,Mycobacterium duvalii
GCF_002553585.1,Mycobacterium duvalii
GCF_002553505.1,Mycobacterium agri
GCF_010722915.1,Mycobacterium agri
GCF_004366555.1,Mycobacterium litorale
GCF_010731695.1,Mycobacterium litorale
GCF_001667205.1,Mycobacterium peregrinum_B
GCF_001665625.1,Mycobacterium peregrinum_B
GCF_000455165.1,Mycobacterium iranicum
GCF_002101705.1,Mycobacterium iranicum
GCF_900637205.1,Mycobacterium chitae
GCF_010727725.1,Mycobacterium chitae
GCF_001673345.1,Mycobacterium asiaticum_C
GCF_001673635.1,Mycobacterium asiaticum_C
GCF_002102215.1,Mycobacterium lacus
GCF_010731535.1,Mycobacterium lacus
GCF_900637195.1,Mycobacterium aurum
GCF_001049355.1,Mycobacterium aurum
GCF_002102175.1,Mycobacterium gastri
GCA_000521195.1,Mycobacterium gastri
GCF_010730055.1,Mycobacterium shinjukuense
GCF_002086755.1,Mycobacterium shinjukuense
GCF_005670695.1,Mycobacterium aubagnense
GCA_010730955.1,Mycobacterium aubagnense
GCF_002086575.1,Mycobacterium branderi
GCF_010728725.1,Mycobacterium branderi
GCF_002102155.1,Mycobacterium europaeum
GCF_001373515.1,Mycobacterium europaeum
GCF_002102415.1,Mycobacterium triplex
GCF_000689255.1,Mycobacterium triplex
GCF_010730575.1,Mycobacterium parmense
GCF_002102335.1,Mycobacterium parmense
GCF_001053185.1,Mycobacterium bohemicum
GCF_002102025.1,Mycobacterium bohemicum
GCF_019645835.1,Mycobacterium holsaticum
GCF_001722355.1,Mycobacterium holsaticum
GCF_002086415.1,Mycobacterium noviomagense
GCF_010731635.1,Mycobacterium noviomagense
GCF_002086405.1,Mycobacterium minnesotense
GCF_010731755.1,Mycobacterium minnesotense
GCF_002101885.1,Mycobacterium senuense
GCF_010723225.1,Mycobacterium senuense
GCF_002086395.1,Mycobacterium moriokaense
GCF_010726085.1,Mycobacterium moriokaense
GCF_001570445.1,Mycobacterium canariasense
GCF_002101555.1,Mycobacterium canariasense
GCF_010731655.1,Mycobacterium paraseoulense
GCF_002086475.1,Mycobacterium paraseoulense
GCF_900417285.1,Mycobacterium parafortuitum
GCF_002086815.1,Mycobacterium parafortuitum
GCF_001373395.1,Mycobacterium lentiflavum
GCF_022374895.2,Mycobacterium lentiflavum
GCF_002101875.1,Mycobacterium saskatchewanense
GCF_010729105.1,Mycobacterium saskatchewanense
GCA_021731805.1,Mycobacterium hippocampi_A
GCF_013390125.1,Mycobacterium hippocampi_A
GCF_001766635.1,Mycobacterium grossiae
GCF_008329645.1,Mycobacterium grossiae
GCA_000455145.1,Mycobacterium brisbanense
GCF_001570425.1,Mycobacterium brisbanense
GCF_020622285.1,Mycobacterium fragae
GCF_002102185.1,Mycobacterium fragae
GCF_002086115.1,Mycobacterium bacteremicum
GCA_943913955.1,Mycobacterium bacteremicum
GCA_001428285.1,Mycobacterium psychrotolerans
GCF_010729305.1,Mycobacterium psychrotolerans
GCF_002102355.1,Mycobacterium sherrisii
GCF_001722325.1,Mycobacterium sherrisii
GCF_010730355.1,Mycobacterium florentinum
GCF_002101635.1,Mycobacterium florentinum
GCF_002102095.1,Mycobacterium conspicuum
GCF_010730195.1,Mycobacterium conspicuum
GCA_019645815.1,Mycobacterium heraklionense_B
GCF_001021505.1,Mycobacterium heraklionense_B
GCF_000966355.1,Mycobacterium lepromatosis
GCF_000975265.2,Mycobacterium lepromatosis
GCF_022374875.1,Mycobacterium rufum
GCA_000762985.1,Mycobacterium rufum
GCF_015910525.1,Mycobacterium mengxianglii
GCF_015710575.1,Mycobacterium mengxianglii
GCF_001667885.1,Mycobacterium scrofulaceum_C
GCF_001672575.1,Mycobacterium scrofulaceum_C
GCF_002086215.1,Mycobacterium heidelbergense
GCF_010730745.1,Mycobacterium heidelbergense
GCF_001545135.1,Mycobacterium wolinskyi
GCF_002101965.1,Mycobacterium wolinskyi
GCF_900232515.1,Mycobacterium simulans
GCF_900232995.1,Mycobacterium simulans
GCF_010728155.1,Mycobacterium doricum
GCF_002102115.1,Mycobacterium doricum
GCF_010723735.1,Mycobacterium hippocampi_B
GCF_001050015.1,Mycobacterium malmesburyense
GCF_019668465.1,Mycobacterium senriense
GCF_001650495.1,Mycobacterium iranicum_A
GCF_008370645.1,Mycobacterium simiae_A
GCF_001417955.2,Mycobacterium gordonae_B
GCF_001673315.1,Mycobacterium asiaticum_B
GCF_000526915.1,Mycobacterium genavense
GCF_010731875.1,Mycobacterium sarraceniae
GCF_000230935.1,Mycobacterium rhodesiae_B
GCF_002086795.1,Mycobacterium tusciae
GCF_010729665.1,Mycobacterium madagascariense
GCA_014204435.1,Mycobacterium chelonae_A
GCA_024758765.1,Mycobacterium heraklionense_C
GCF_018455725.1,Mycobacterium acidiphilus
GCF_001245615.1,Mycobacterium neworleansense
GCF_002157835.1,Mycobacterium dioxanotrophicus
GCF_010723575.1,Mycobacterium bourgelatii
GCF_002101785.1,Mycobacterium palustre
GCF_022370835.1,Mycobacterium parakoreense
GCF_006439015.1,Mycobacterium hodleri_A
GCF_900176255.2,Mycobacterium ahvazicum
GCF_013466425.1,Mycobacterium vicinigordonae
GCF_002086735.1,Mycobacterium scrofulaceum
GCF_900078665.2,Mycobacterium houstonense
GCF_018278905.1,Mycobacterium spongiae
GCF_010727325.1,Mycobacterium alvei
GCF_900078685.2,Mycobacterium icosiumassiliensis
GCF_002102395.1,Mycobacterium triviale
GCF_003201655.1,Mycobacterium moriokaense_A
GCF_900108565.1,Mycobacterium rutilum
GCF_001907675.1,Mycobacterium paraffinicum
GCF_010723305.1,Mycobacterium botniense
GCF_010728925.1,Mycobacterium gadium
GCF_900157375.1,Mycobacterium rhizamassiliense
GCF_900157365.1,Mycobacterium numidiamassiliense
GCF_000266905.1,Mycobacterium chubuense_A
GCA_010726765.1,Mycobacterium gallinarum
GCF_014218295.1,Mycobacterium litorale_B
GCF_002086695.1,Mycobacterium rhodesiae
GCF_010731855.1,Mycobacterium anyangense
GCA_902168065.1,Mycobacterium tilburgii
GCF_002592005.1,Mycobacterium palauense
GCA_002291465.1,Mycobacterium lepraemurium
GCF_002086485.1,Mycobacterium aquaticum
GCF_010731595.1,Mycobacterium seoulense
GCF_021916785.1,Mycobacterium lacusdiani
GCF_010731815.2,Mycobacterium arabiense
GCF_002104675.1,Mycobacterium decipiens
GCF_010731895.1,Mycobacterium helvum
GCA_001673575.1,Mycobacterium heraklionense_A
GCF_900078675.2,Mycobacterium interjectum
GCF_001050035.1,Mycobacterium komanii
GCF_001668675.1,Mycobacterium asiaticum_D
GCA_002007745.1,Mycobacterium litorale_A
GCF_902705885.1,Mycobacterium vanbaalenii_A
GCF_001665835.1,Mycobacterium colombiense_A
GCF_010731735.1,Mycobacterium sediminis
GCF_022760805.1,Mycobacterium alkanivorans
GCF_002086155.1,Mycobacterium angelicum
GCF_001665785.1,Mycobacterium peregrinum_A
GCF_002086125.1,Mycobacterium arosiense
GCF_013404075.1,Mycobacterium vinylchloridicum
GCF_002104765.1,Mycobacterium vulneris
GCF_010731715.1,Mycobacterium stomatepiae
GCF_019050325.1,Mycobacterium fortunisiensis
GCF_001722335.1,Mycobacterium flavescens_A
GCF_002101585.1,Mycobacterium engbaekii
GCF_014190915.1,Mycobacterium iranicum_B
GCF_003347205.1,Mycobacterium moriokaense_B
GCF_900157385.1,Mycobacterium terramassiliense
GCF_000230895.2,Mycobacterium rhodesiae_A
GCF_010727945.1,Mycobacterium cookii
GCF_002116635.1,Mycobacterium szulgai
GCF_022430545.1,Mycobacterium paraterrae
GCF_002102265.1,Mycobacterium longobardum
GCA_016197365.1,Mycobacterium cosmeticum_A
GCF_017876775.1,Mycobacterium lutetiense
GCF_003719305.1,Mycobacterium stellerae
GCF_001672775.1,Mycobacterium kyorinense_A
GCA_001187505.1,Mycobacterium goodii_B
GCF_002250655.1,Mycobacterium sphagni
GCA_002102225.1,Mycobacterium interjectum_B
GCF_002591975.1,Mycobacterium neglectum
GCF_000559085.1,Mycobacterium aromaticivorans
GCF_003284935.1,Mycobacterium arosiense_A
GCF_010725725.1,Mycobacterium pulveris
GCA_003284925.1,Mycobacterium algericum_A
GCF_001673365.1,Mycobacterium asiaticum_A
GCA_001942045.1,Mycobacterium porcinum_A
GCF_001672755.1,Mycobacterium colombiense_C
GCF_003408705.1,Mycobacterium uberis
GCF_017086405.1,Mycobacterium gordonae_D
GCF_000243415.2,Mycobacterium tusciae_A
GCF_002356335.1,Mycobacterium stephanolepidis
GCF_900292015.1,Mycobacterium basiliense
